Manufacturer,Model,Description,Barrel Compression Cutoff (psi),Date Added
Anarchy,22ALRSN213-2,Larsen 22 A Day,1050,10/6/2022
Anarchy,A202ABDM2-2,Blue Dream,1050,9/14/2020
Anarchy,A20AASM1-1,Autism,1050,11/5/2020
Anarchy,A20AATS2-1,All the Smoke,1050,11/5/2020
Anarchy,A20ADAY2-1,22 A Day,1050,11/5/2020
Anarchy,A20ADMN2-1,Demon,1050,11/5/2020
Anarchy,A20AMUW2-1,Maui-Wowie,1050,11/5/2020
Anarchy,A20APPX2,Pineapple X,900,9/14/2020
Anarchy,A20AREB2-2,Rebellion,1050,11/5/2020
Anarchy,A20ASDL2-1,Sour Diesel,900,11/5/2020
Anarchy,A20AUND1-1,United,1050,9/14/2020
Anarchy,A20AWC1A1,Awakening CE,1050,6/22/2020
Anarchy,A20BUD1A1,Budweiser (1oz),1050,6/22/2020
Anarchy,A20BUD2A1,Budweiser (.5oz),1050,6/22/2020
Anarchy,A20BUDL1A1,Bud Light (1oz),900,6/22/2020
Anarchy,A20BUDL2A1,Bud Light (.5oz),900,6/22/2020
Anarchy,A21AATSM12-2,Autism,900,9/15/2021
Anarchy,A21ABHL12-1,Busch,900,6/22/2021
Anarchy,A21ABLL13-1,Bud Lime,1050,6/22/2021
Anarchy,A21ADMSC13-2,Demon Supercharged,1050,6/22/2021
Anarchy,A21ADSC121-1,Diablo Supercharged,1050,6/22/2021
Anarchy,A21ADSCP13-2,Disciple,1050,6/22/2021
Anarchy,A21AHNET12-1,Hornet,900,11/5/2021
Anarchy,A21AHOPE13-1,Hope,1050,9/15/2021
Anarchy,A21AIRCN12-1,Insurrection,900,6/22/2021
Anarchy,A21AJSTC13-3,Justice,1000,11/5/2021
Anarchy,A21AJSTR13-2,Jester,1050,9/15/2021
Anarchy,A21ALOCO1-2,LoCo,1000,9/15/2021
Anarchy,A21ALOCO2-2,LoCo,1000,9/15/2021
Anarchy,A21AMUA13-2,Michelob,1050,6/22/2021
Anarchy,A21ANTD12-2,Naturday,900,6/22/2021
Anarchy,A21ANTSC13-2,Nitrous Superchargeed,1050,9/15/2021
Anarchy,A21AOKT13-2,Outkast,1050,6/22/2021
Anarchy,A21APRO12-1,98 Proof,900,6/22/2021
Anarchy,A21ARDTN13-1,Redemption,1050,9/15/2021
Anarchy,A21AREK121-1,Reawakening,1050,6/22/2021
Anarchy,A21ARESC13-1,Rebellion Supercharged,1050,6/22/2021
Anarchy,A21ARPT12-2,Rapture,1050,9/15/2021
Anarchy,A21ARTLR13-1,Rattler,1050,11/5/2021
Anarchy,A21ASKD12-1,Skud,900,6/22/2021
Anarchy,A21ASSF13-2,Anarchy Fight White,1050,9/15/2021
Anarchy,A21AWRH12-2,Wrath,900,6/22/2021
Anarchy,A22ABDSB212-2,Bud Select (BK),900,4/15/2022
Anarchy,A22ABDSW212-1,Bud Select (WT),900,4/15/2022
Anarchy,A22ACRSH213-2,Crusher,1050,4/26/2022
Anarchy,A22AGMDT213-2,Gimmedat,1050,4/15/2022
Anarchy,A22ALDSY112-1,Land Shark,1050,4/15/2022
Anarchy,A22ANTDR213-1,Natty Daddy,1050,4/15/2022
Anarchy,A22AOGKP212-2,OGKP,900,4/15/2022
Anarchy,A22ASKTB213-2,Shock Top (BK),1050,4/15/2022
Anarchy,A22ASKTO112-2,Shock Top (OR),1050,4/15/2022
Anarchy,A22ASKTW213-2,Shock Top (WT),1050,4/15/2022
Anarchy,A22ASTRS121-1,Streets,1050,4/15/2022
Anarchy,A22UNIMO121-2,Nimmo,1050,4/15/2022
Anarchy,AA19MCQA2,Leprechaun,1000,6/26/2019
Anarchy,A23AAKG213-1,Awakening OG,1050,6/3/2023
Anarchy,A23AAMA213-2,American,1050,1/2/2024
Anarchy,A23AJKL112-1,Jekyll,1050,6/3/2023
Anarchy,A23AJKR212-2,Joker,900,6/3/2023
Anarchy,A23AJSR213-2,Jester,1050,6/3/2023
Anarchy,A23AMWSN112-2,Nimmo MWS,1050,6/3/2023
Anarchy,A23AMWSP212-2,OGKP MWS,900,6/3/2023
Anarchy,A23AMWSS113-2,Streets MWS,1050,6/3/2023
Anarchy,A23AMWSZ213-2,Gimmedat MWS,1050,6/3/2023
Anarchy,A23ARPN212-1,Reign,900,6/3/2023
Anarchy,A23ATRB213-1,Tribe,1050,6/3/2023
Anarchy,A23A1776212-2,1776,900,1/2/2024
Anarchy,AFPUAXS2,Axis,1300,2/2/2024
Anarchy,AS171A-1,Awakening,1050,5/11/2017
Anarchy,AS172A-2,Rebellion,1050,5/11/2017
Anarchy,AS173A-3,No Name,1050,6/9/2017
Anarchy,AS174A-4,Ameri-Can,1050,6/9/2017
Anarchy,AS175A-5,Pink,1050,10/4/2017
Anarchy,AS18A1,Awakening,1050,4/10/2018
Anarchy,AS18A2,Nitrous,1050,4/10/2018
Anarchy,AS18A3,Demon,1050,8/13/2018
Anarchy,AS18A4,Diablo,1050,8/13/2018
Anarchy,AS18AFS,Firestick,1050,1/7/2019
Anarchy,AS18AGB,Geno Buck,1050,1/7/2019
Anarchy,AS18ASIS,Ambassador,1050,1/7/2019
Anarchy,AS1931LC,T3 LC,1000,3/18/2019
Anarchy,AS1932-LC,Gas LC,1000,3/18/2019
Anarchy,AS19ABS-2,Bad Santa,1050,12/13/2019
Anarchy,AS19AF,Flip,1000,6/26/2019
Anarchy,AS19AF2,Flip,1000,4/9/2019
Anarchy,AS19AF3,Flip,1000,6/26/2019
Anarchy,AS19ANN-1,Naughty or Nice,1050,12/13/2019
Anarchy,AS19BA1,Blessed,1000,6/26/2019
Anarchy,AS19BCA2,Flip,1000,6/26/2019
Anarchy,AS19KQS-2,King and Queen,1000,9/10/2019
Anarchy,AS19LSA,Scheels Lazer,1050,4/9/2019
Anarchy,AS19RPR-2,Reaper,1050,9/10/2019
Anarchy,AS19VIPA,Viper,1050,4/9/2019
Anarchy,AS19WARA2,Warlock,1050,6/26/2019
Anarchy,AS20AACE1-2,Alliance,1050,9/14/2020
Anarchy,AS20AAM-2,Amped,900,12/13/2019
Anarchy,AS20AAS-2,Ares,1050,12/13/2019
Anarchy,AS20AFB02,All the Smoke,1050,9/3/2020
Anarchy,AS20AHB-2,Humble,1050,3/5/2020
Anarchy,AS20ALU-2,Pitbull,900,3/5/2020
Anarchy,AS20AOHA2,Ohana,1050,9/3/2020
Anarchy,AS20AON-2,Odin,1050,3/5/2020
Anarchy,AS20AVCM1A,Diabolical,900,11/5/2020
Anarchy,AS20AVCM1B,Diabolical,900,11/5/2020
Anarchy,AS20AVCM2A,Diabolical,1050,11/5/2020
Anarchy,AS20AVCM2B,Diabolical,1050,11/5/2020
Anarchy,AS20AZS-2,Zeus,1000,12/13/2019
Anarchy,AS22LC-2,Code Red,1050,3/4/2022
Anarchy,ASP24TTA,22 A Day,1050,1/2/2024
Anarchy,ASP33A,33 Forever,1050,1/2/2024
Anarchy,ASPAA24A,Autism Awareness,1050,4/8/2024
Anarchy,ASPALEG25A,AMERICAN LEGION,1050,7/30/2025
Anarchy,ASPALL25A,ALL ALOHA,975,7/30/2025
Anarchy,ASPASN25A,ASANA (A3),1050,7/30/2025
Anarchy,ASPATM24A,Atomic,1050,1/2/2024
Anarchy,ASPAUR24A,Aurora,1050,4/8/2024
Anarchy,ASPAUT25A,AUTISM,975,2/18/2025
Anarchy,ASPAUT26A,AUTISM 2026,975,10/27/2025
Anarchy,ASPAUTB26A,AUTISM BALANCED,975,10/27/2025
Anarchy,ASPAWK24A,Awakening,1050,1/2/2024
Anarchy,ASPAWK25A,Awakening 2025,1050,7/30/2025
Anarchy,ASPBAZ26A,BAZOOKA,975,1/27/2026
Anarchy,ASPBCS24A,Bazooka,1050,10/22/2024
Anarchy,ASPBCS24AP,Bazooka Pink,1050,2/19/2025
Anarchy,ASPBKD24A,BAKED,1050,7/27/2024
Anarchy,ASPBLDAW25A,DAWE BLACKOUT,1050,7/30/2025
Anarchy,ASPBM24A,Blood Money,900,4/8/2024
Anarchy,ASPBOB25A,DOODLEBOB,975,2/18/2025
Anarchy,ASPBON25A,Battle of the nations (a3),1050,7/30/2025
Anarchy,ASPBUB25A,BUBBLE BUBBLE (BALANCED),975,2/18/2025
Anarchy,ASPCBCAP26A,EL CAPITAN,1050,1/27/2026
Anarchy,ASPCC25A,CANDY CORN,975,10/27/2025
Anarchy,ASPCD24A,Carpe Diem,1000,7/27/2024
Anarchy,ASPCER2SA,CERERBRUS,1050,2/18/2025
Anarchy,ASPCHOMP25A,CHOMPER,1050,7/30/2025
Anarchy,ASPCODB25A,CODE BLACK,1050,10/27/2025
Anarchy,ASPCODW2SA,CODE WHITE,1050,10/27/2025
Anarchy,ASPCOG25A,CODE GREEN,1050,10/27/2025
Anarchy,ASPCOR25A,CODE RED,1050,10/27/2025
Anarchy,ASPCUP25A,PB CUP,1050,10/27/2025
Anarchy,ASPDAW25A,Shock and Dawe,1050,3/24/2025
Anarchy,ASPDDCCA,Double Dip Cookies & Cream,900,4/8/2024
Anarchy,ASPDDCDA,Double Dip Cookie Dough,1050,1/2/2024
Anarchy,ASPDDMA,Double Dip Mint,900,1/2/2024
Anarchy,ASPDDMN24A,Demon,1050,10/22/2024
Anarchy,ASPDDSBA,Double Dip Strawberry,900,4/8/2024
Anarchy,ASPDMN24A,Demon,1050,1/2/2024
Anarchy,ASPDMN25A,Demon,975,4/4/2025
Anarchy,ASPDMNBL25A,Demon Black,975,4/4/2025
Anarchy,ASPDMNF24A,Demon Fire,1050,4/8/2024
Anarchy,ASPDMNLCB24A,Demon Black,1050,7/27/2024
Anarchy,ASPDMNPU24A,Demon,1050,7/27/2024
Anarchy,ASPECM24A,Every Child Matters,1050,9/6/2024
Anarchy,ASPECM25A-1,ECM 2025,975,4/4/2025
Anarchy,ASPEXC24A,Excecutioner,975,12/18/2024
Anarchy,ASPFEN25A,Fenrir,1050,4/16/2025
Anarchy,ASPFM25A,FLIP MONEY 2,1050,4/4/2025
Anarchy,ASPFMBAL25A,FLIP MONEY BALANCED,1050,4/4/2025
Anarchy,ASPFGHT24A,Crush Cancer,1050,10/22/2024
Anarchy,ASPFIRE25A,FIRESTICK,975,7/30/2025
Anarchy,ASPFRSH26A,FRESH,1050,1/27/2026
Anarchy,ASPGLD25A,CHILD CANCER,975,10/25/2025
Anarchy,ASPGOAT25A,GOAT,975,7/30/2025
Anarchy,ASPGOATB25A,GOAT BALANCED,1050,7/30/2025
Anarchy,ASPGOD26A,GOD MODE,1050,1/27/2026
Anarchy,ASPGOOS25A,GOOSETOWN (A3),1050,4/4/2025
Anarchy,ASPGROO25A,GROOVY,1050,2/18/2025
Anarchy,ASPGRP25A-1,Bazooka Grape,975,4/4/2025
Anarchy,ASPHAD25A,HADES,975,2/18/2025
Anarchy,ASPHAHA24A,Joker,1050,7/27/2024
Anarchy,ASPHAHA25A,Joker,1050,7/30/2025
Anarchy,ASPHEF25A,TOO HEFTY,1050,7/30/2025
Anarchy,ASPHUM26A,ALWAYS HUMBLE,975,1/27/2026
Anarchy,ASPJEST24A,Jester,1050,10/22/2024
Anarchy,ASPJOK25A,Joker,975,7/30/2025
Anarchy,ASPKEEP25A,Keep Going,975,4/4/2025
Anarchy,ASPKS25A,Killshot,1050,4/4/2025
Anarchy,ASPLUV26A,ALL LOVE,1050,1/27/2026
Anarchy,ASPMAN25A,Manic,1050,4/4/2025
Anarchy,ASPMCQ25A,MCQUADES 12”,1050,4/4/2025
Anarchy,ASPMCQ1PC25A,MCQUADES 1PC,1050,7/30/2025
Anarchy,ASPMEM25A,MEMENTO MORI,1050,7/30/2025
Anarchy,ASPMIN25A,MINOTAUR,1050,4/4/2025
Anarchy,ASPMM25A,MAGIC MIKE XXL,975,2/18/2025
Anarchy,ASPMOST24A,Most,1050,7/27/2024
Anarchy,ASPMOST25A,Most,1050,7/30/2025
Anarchy,ASPNEO25A,DOUBLE DIP NEON,975,2/18/2025
Anarchy,ASPNIC25A,SNICKERS,975,10/25/2025
Anarchy,ASPNUT25A,DOUBLE DIP PB,1050,4/4/2025
Anarchy,ASPOLE25A,OL'RELIABLE,975,2/18/2025
Anarchy,ASPPAC25A,RETRO MAN,975,4/4/2025
Anarchy,ASPPAS25A,PASIFIKA,975,7/30/2025
Anarchy,ASPPIT24A,Pitbull,900,10/22/2024
Anarchy,ASPPOS25A,POSEIDON,1050,2/18/2025
Anarchy,ASPPX24A,Pineapple Express,1050,10/22/2024
Anarchy,ASPQUA25A,"MCQUADES 13""",975,4/4/2025
Anarchy,ASPREAWA24A,Reawakening,1050,10/22/2024
Anarchy,ASPREB24A,Rebellion,1050,10/22/2024
Anarchy,ASPROSA25A,ROSA REAPER,975,10/27/2025
Anarchy,ASPRTS25A,RELENTLESS,975,10/27/2025
Anarchy,ASPSAD25A-1,DAWE WHITEOUT,1050,4/4/2025
Anarchy,ASPSAM25A,SAMURAI 2,975,4/4/2025
Anarchy,ASPSVB25A,SAVE 2nd BASE,975,7/30/2025
Anarchy,ASPSD24A,Sour Diesel,1050,10/22/2024
Anarchy,ASPSEV25A,SEVEN,1000,7/30/2025
Anarchy,ASPSHIM2SA,SHIMELS ASSASSIN,1050,7/30/2025
Anarchy,ASPSTAZ5A,STRICTLY ALOHA,975,10/27/2025
Anarchy,ASPTW25A,TWIX,1050,10/27/2025
Anarchy,ASPSAD26A,SHOCK AND DAWE 26,1050,1/27/2026
Anarchy,ASPSALV26A,SALVATION,975,1/27/2026
Anarchy,ASPSLK26A,SLICK,1050,1/27/2026
Anarchy,ASPSYN24A,Syndicate,900,1/2/2024
Anarchy,ASPSZN24A,Open Season Night,900,10/22/2024
Anarchy,ASPTTAD24A,22 A Day,1050,7/27/2024
Anarchy,ASPTTAD25A,23 A Day (2025),1050,7/30/2025
Anarchy,ASPTUNA2SA,BUBBLE BUBBLE (1/2OZ),975,2/18/2025
Anarchy,ASPTWO24A,Two Face,1050,10/22/2024
Anarchy,ASPWHA25A,WHALEY,975,4/4/2025
Anarchy,ASPWICH25A,WICHAHPI (A3),1050,4/4/2025
Anarchy,ASPWNW25A,WET N WILD,975,10/27/2025
Anarchy,ASPXMAS2SA,XMAS BAT,1050,10/27/2025
Anarchy,ASPYM26A,YOUNG MONEY,1050,1/27/2026
Anarchy,ASPZUS2SA,ZEUS,1050,2/18/2025
Anarchy,AUSADL213-2,Disciple,1050,1/2/2024
Anarchy,USA22ADAY,22 A Day,1050,3/5/2020
Boombah,SPBBCCA,Breast Cancer Awareness Boss Compressor T3,1300,11/23/2016
Boombah,SPBCT3A,Boss Compressor T3,1300,11/23/2016
Boombah,SPBFRCA,First Responders Boss Compressor T3,1300,11/23/2016
Boombah,SPBMTCA,Military Tribute Boss Compressor T3,1300,11/23/2016
Boombah,SPBPMCA,POW/MIA Boss Compressor T3,1300,11/23/2016
Boombah,SPBSSCA,Stars and Stripes Boss Compressor T3,1300,11/23/2016
Combat,A16SP2,Assault G5 275,1200,5/17/2016
Combat,AVASP5,Avarice G5 275,1200,4/30/2015
Combat,C15SP1,Combatant 15 275,1200,9/4/2015
Combat,CSA5MUSTL-25,PERFORMANCE - MUSTANG,1050,7/22/2025
Combat,CSA5MUSTL-26,PERFORMANCE - MUSTANG,1050,7/22/2025
Combat,CSA5MUSTL-27,PERFORMANCE - MUSTANG,1050,7/22/2025
Combat,CSA6BLBKL-25,SPEC CR1,1050,11/14/2025
Combat,CSA6BLBKL-26,SPEC CR1,1050,11/14/2025
Combat,CSA6BLBKL-27,SPEC CR1,1050,11/14/2025
Combat,DB427SP2,Derby Boys 275,1200,4/12/2013
Combat,DB427SP3,The Derby Boys,1200,4/12/2013
Combat,DBGSP2,Derby Boys Chris Greinert,1200,8/13/2014
Combat,DBGSP4,Chris Greinert 275,1200,4/30/2015
Combat,DBGSP6,Team Combat Chris Greinert 275,1200,6/26/2015
Combat,DBSP0,Derby Boys ASA,1200,6/26/2015
Combat,DBSP5,Derby Boys ASA,1200,8/1/2013
Combat,DBSP7,Derby Boys ASA,1200,8/13/2014
Combat,DIRSP3,Dirty HPS,1200,4/12/2013
Combat,DIRSP5,Dirty 275,1200,8/13/2014
Combat,DIRSP7,Dirty ASA,1200,8/13/2014
Combat,DUKESP1,The Duke 275,1200,9/4/2015
Combat,GCBSP1,Derby Girls GCB,1200,8/1/2013
Combat,LGDSP1,Legends Derby Boys,1200,8/13/2014
Combat,MAXFP108,Maxum FP -8,1200,6/26/2015
Combat,MAXFP109,Maxum FP -9,1200,6/26/2015
Combat,MAXFP110,Maxum FP -10,1200,6/26/2015
Combat,MAXFP111,Maxum FP -11,1200,6/26/2015
Combat,MX2FP108,Maxum FP -8 2pc,1200,6/26/2015
Combat,MX2FP109,Maxum FP -9 2pc,1200,6/26/2015
Combat,MX2FP110,Maxum FP -10 2pc,1200,6/26/2015
Combat,MX2FP111,Maxum FP -11 2pc,1200,6/26/2015
Combat,PG3FP108,Portent G3 -8,1200,7/31/2014
Combat,PG3FP109,Portent G3 -9,1200,7/31/2014
Combat,PG3FP110,Portent G3 -10,1200,7/31/2014
Combat,PG3FP111,Portent G3 -11,1200,7/31/2014
Combat,PG3SP5,Portent ASA,1200,8/13/2014
Combat,PORSP3,Portent ASA,1200,8/1/2013
Combat,SP6ATV1D,Team Combat Antivirus 275,1200,5/17/2016
Combat,SP6KUS1D,Rocket Launcher 275,1100,5/17/2016
Combat,SP6TRX1A,T-Rex Extinction ASA,1100,5/17/2016
Combat,TC275B,Team Combat 275,1200,6/26/2015
Combat,TCF275,Team Combat Filip Washington 275,1200,6/26/2015
Combat,TCRSP2,Casey Rogowski 275,1200,4/30/2015
Combat,TCRSP4,Team Combat Casey Rogowski ASA,1200,6/26/2015
Combat,TCSFP108,Team Combat Madison Shipman FP -8,1200,6/26/2015
Combat,TCSFP109,Team Combat Madison Shipman FP -9,1200,6/26/2015
Combat,TCSFP110,Team Combat Madison Shipman FP -10,1200,6/26/2015
Combat,TCSFP111,Team Combat Madison Shipman FP -11,1200,6/26/2015
Combat,TRBSP2,Tribute ASA,1200,9/4/2015
Combat,VIRSP6,AntiVirus 275,1200,8/1/2013
Combat,VTSSP1,VTS Survivor 275,1200,8/13/2014
Combat,WANSP2,Wanted 275,1200,4/12/2013
Combat,WANSP3,Wanted ASA,1200,4/12/2013
Combat,WANSP6,Wanted ASA,1200,8/1/2013
Combat,WG3FP108,Wanted G3 -8,1200,7/31/2014
Combat,WG3FP109,Wanted G3 -9,1200,7/31/2014
Combat,WG3FP110,Wanted G3 -10,1200,7/31/2014
Combat,WG3FP111,Wanted G3 -11,1200,7/31/2014
Combat,WG3SP7,Wanted 275,1200,8/13/2014
Combat,WG3SP8,Wanted ASA,1200,8/13/2014
Combat,WNBSP2,Wanted Bryce Oliveira,1200,8/13/2014
Combat,WNBSP4,Bryce Oliveira,1200,4/30/2015
Combat,WNBSP6,Team Combat Bryce Oliveira ASA,1200,6/26/2015
DeMarini,CFS-FE,CF FE (-11),1300,11/8/2024
DeMarini,CFS-FE,CSTM CF FE (-11) Custom,1300,11/8/2024
DeMarini,CFS12,CF5 -11,1300,4/12/2013
DeMarini,CFS13,CF5 (-11),1300,4/12/2013
DeMarini,CFS14,CF6 (-11),1300,6/11/2013
DeMarini,CFS15,CF7,1300,6/20/2015
DeMarini,CFS16,CF8,1300,6/26/2015
DeMarini,CFS17,CF9,1300,7/25/2016
DeMarini,CFS17,CSTM CF9,1300,7/25/2016
DeMarini,CFS18,CFX(-11),1300,7/22/2017
DeMarini,CFS-19,CF Zen (-11),1300,12/13/2017
DeMarini,CFS-19,CSTM CF Zen (-11),1300,12/13/2017
DeMarini,CFS-20,CF (-11),1300,3/18/2019
DeMarini,CFS-20,CSTM 44,1300,3/18/2019
DeMarini,CFS-21,CF (-11),1300,7/20/2021
DeMarini,CFS-21,CSTM CF (-11),1300,7/20/2021
DeMarini,CFS-22,CF (-11),1300,11/5/2021
DeMarini,CFS-22,CSTM CF (-11),1300,11/5/2021
DeMarini,CFS-23,CF (-11),1300,8/17/2022
DeMarini,CFS-23,CSTM CF (-11),1300,8/17/2022
DeMarini,CFS-25,CF (-11),1300,2/2/2024
DeMarini,CFS-25,CSTM CF (-11) Custom,1300,2/9/2024
DeMarini,CFSL-FE,CF FE (-11),1300,11/8/2024
DeMarini,CFSL-19,CF (-11),1300,2/9/2024
DeMarini,CFSL-20,CF (-11),1300,2/9/2024
DeMarini,CFSL-21,CF (-11),1300,7/20/2021
DeMarini,CFSL-22,CF (-11),1300,11/25/2021
DeMarini,CFSL-23,CF (-11),1300,11/25/2021
DeMarini,CFSL-24,CF (-11),1300,2/2/2024
DeMarini,CFSS-FE,CF FE (-11),1300,11/8/2024
DeMarini,CFSS-19,CF (-11),1300,2/9/2024
DeMarini,CFSS-20,CF (-11),1300,3/18/2019
DeMarini,CFSS-21,CF (-11),1300,7/20/2021
DeMarini,CFSS-22,CF (-11),1300,11/25/2021
DeMarini,CFSS-23,CF (-11),1300,11/25/2022
DeMarini,CFSS-25,CF (-11),1300,2/2/2024
DeMarini,FFF-26,Future -9,900,10/28/2025
DeMarini,FFF-26,CSTM Future -9 Custom,900,10/28/2025
DeMarini,FFP-26,Future -10,900,3/19/2025
DeMarini,FFP-26,CSTM Future -10 Custom,900,3/19/2025
DeMarini,FFPS-26,Future -10,900,3/19/2025
DeMarini,FFPS-26,CSTM Future -10 Custom,900,3/19/2025
DeMarini,FFPXS-26,Future -10,900,10/28/2025
DeMarini,FFPXS-26,CSTM Future -10 Custom,900,10/28/2025
DeMarini,FLA14,USA Flipper Aftermath LE,1050,10/25/2014
DeMarini,FLA15,Flipper Aftermath USA,1050,4/13/2015
DeMarini,FLA16,Flipper USA,1050,10/7/2015
DeMarini,FLA16,CSTM Flipper USA Custom,1050,10/7/2015
DeMarini,FLA-17,Flipper USA,1050,5/11/2017
DeMarini,FLA-18,Flipper USA,1050,12/13/2017
DeMarini,FLA-19,Flipper USA,1050,12/3/2018
DeMarini,FLA-24,Flipper USA,850,2/6/2023
DeMarini,FLA-25,Flipper USA,850,2/2/2024
DeMarini,FLH-24,Flipper Aftermath,850,2/6/2023
DeMarini,FLS13,Flipper,1050,4/12/2013
DeMarini,FLS14,Flipper Aftermath,1050,6/10/2013
DeMarini,FLS15,Flipper Aftermath OG,1050,4/13/2015
DeMarini,FLS16,Flipper OG,1050,10/7/2015
DeMarini,FLS16,CSTM Flipper OG Custom,1050,10/7/2015
DeMarini,FLS-17,Flipper OG,1050,5/11/2017
DeMarini,FLS-17,Custom Flipper OG Custom,1050,5/11/2017
DeMarini,FLS-18,Flipper OG,1050,12/13/2017
DeMarini,FLS-18,CSTMA Flipper OG,1050,12/13/2017
DeMarini,FLS-18,CSTMB Flipper OG,1050,12/13/2017
DeMarini,FLS-19,Flipper OG,1050,12/3/2018
DeMarini,FLS-24,Flipper OG,850,2/6/2023
DeMarini,FLS-25,Flipper OG,850,2/2/2024
DeMarini,FLS-26,Flipper OG,850,12/11/2024
DeMarini,IC2-17,Iconic Flipper - GS Sports,1050,6/23/2017
DeMarini,ICA-17,Iconic Flipper - GS Sports,1050,6/23/2017
DeMarini,KTJ-18,King of The Jungle,1050,2/12/2018
DeMarini,LT8-26,Lotus (-8),1100,11/15/2024
DeMarini,LTF-26,Lotus (-9),1100,11/15/2024
DeMarini,LTF-26,CSTM Lotus (-9) Custom,1100,11/15/2024
DeMarini,LTP-26,Lotus (-10),1200,11/15/2024
DeMarini,LTP-26,CSTM Lotus (-10) Custom,1200,11/15/2024
DeMarini,LTPS-26,Lotus (-10),1200,11/15/2024
DeMarini,LTPS-26,CSTM Lotus (-10) Custom,1200,11/15/2024
DeMarini,LTS-26,Lotus (-11),1100,12/11/2024
DeMarini,LTS-26,CSTM Lotus (-11) Custom,1100,12/11/2024
DeMarini,LTSL-26,Lotus (-11),1100,12/11/2024
DeMarini,LTSL-26,CSTM Lotus (-11) Custom,1100,12/11/2024
DeMarini,LTSS-26,Lotus (-11),1100,12/11/2024
DeMarini,LTSS-26,CSTM Lotus (-11) Custom,1100,12/11/2024
DeMarini,MSP-26,Mercy,1300,4/25/2025
DeMarini,MSP-27,Mercy,1300,11/17/2025
DeMarini,NIA-21,"Nihilist 12""",850,10/18/2019
DeMarini,NIA-22,Nihilist USA,850,4/26/2021
DeMarini,NIA-23,Nihilist USA,850,3/4/2022
DeMarini,NID-21,Nihilist Brungardt,850,2/4/2020
DeMarini,NID-22,Nihilist Brungardt,850,4/26/2021
DeMarini,NIH-20,Nihilist OG,850,3/18/2019
DeMarini,NIH-21,Nihilist OG,850,2/4/2020
DeMarini,NIH-22,Nihilist OG,850,4/26/2021
DeMarini,NIH-23,Nihilist OG,850,3/4/2022
DeMarini,NIH-VB,Nihilist Volition Black Ops,850,9/15/2021
DeMarini,NIH-VO,Nihilist Volition,850,9/15/2021
DeMarini,PZF-20,Prism (-9),1200,3/18/2019
DeMarini,PZF-20,CSTM Prism (-9) Custom,1200,2/4/2020
DeMarini,PZF-21,Prism (-9) Black,1200,3/4/2022
DeMarini,PZF-21,CSTM Prism (-9) Custom,1200,5/27/2023
DeMarini,PZI-21,Prism + (-10),1200,2/4/2020
DeMarini,PZP-19,Prism (-10),1200,12/20/2017
DeMarini,PZP-20,Prism (-10),1200,6/29/2018
DeMarini,PZP-20,CSTM Prism (-10) Custom,1200,2/4/2020
DeMarini,PZP-21,Prism (-10) Black,1200,3/4/2022
DeMarini,PZP-21,Prism (-10),1200,7/20/2021
DeMarini,PZP-21,CSTM Prism (-10) Custom,1200,7/20/2021
DeMarini,PZP-23,Prism (-10),1200,11/25/2022
DeMarini,PZP-23,CSTM Prism (10) Custom,1200,11/25/2022
DeMarini,PZP-25,Prism (-10),1200,2/9/2024
DeMarini,PZP-25,CSTM Prism (-10) Custom,1200,2/2/2024
DeMarini,PZS-FE,CF FE (-11),1000,11/8/2024
DeMarini,PZS-FE,Custom CF FE (-11) Custom,1000,11/8/2024
DeMarini,PZPS-19,Prism (-10),1000,6/29/2018
DeMarini,PZPS-20,Prism (-10),1000,3/18/2019
DeMarini,PZPS-20,CSTM Prism (-10) Custom,1000,2/4/2020
DeMarini,PZPS-21,Prism (-10),1000,7/20/2021
DeMarini,PZPS-21,CSTM Prism (-10) Custom,1000,7/20/2021
DeMarini,PZPS-23,Prism (-10),1000,8/17/2022
DeMarini,PZPS-23,CSTM Prism (-10) Custom,1000,8/17/2022
DeMarini,PZPS-25,Prism+ (-10),1000,2/2/2024
DeMarini,PZPS-25,CSTM Prism+ (-10) Custom,1000,2/2/2024
DeMarini,PZS-20,Prism (-11),1000,3/18/2019
DeMarini,PZS-21,Prism (-11),1000,7/20/2021
DeMarini,PZS-21,CSTM Prism (-11) Custom,1000,7/20/2021
DeMarini,PZS-23,Prism (-11),1000,8/17/2022
DeMarini,PZS-23,CSTM Prism (-11) Custom,1000,8/17/2022
DeMarini,PZS-23,CSTM Prism (-11) Custom,1000,2/4/2020
DeMarini,PZS-25,Prism + (-11),1000,2/2/2024
DeMarini,PZS-25,CSTM Prism + (-11) Custom,1000,2/2/2024
DeMarini,R28-17,RD28,1050,12/13/2017
DeMarini,VB8-27,Vizion (-8),1100,11/11/2025
DeMarini,VB8-27,CSTM Vizion (-8) Custom,1100,11/11/2025
DeMarini,VBF-27,Vizion (-9),900,11/11/2025
DeMarini,VBF-27,CSTM Vizion (-9) Custom,900,11/11/2025
DeMarini,VBP-27,Vizion (-10),900,11/11/2025
DeMarini,VBP-27,CSTM Vizion (-10) Custom,900,11/11/2025
DeMarini,VBPS-27,Vizion (-10),900,11/11/2025
DeMarini,VBPS-27,CSTM Vizion (-10) Custom,900,11/11/2025
DeMarini,WS8-23,Whisper (-8),1100,7/21/2022
DeMarini,WS8-23,CSTM Whisper (-8) Custom,1100,2/20/2023
DeMarini,WS8-25,Whisper (-8),1100,2/2/2024
DeMarini,WS8-PR,Whisper Pride (-8),1100,2/20/2023
DeMarini,WSF-23,Whisper (-9),1100,7/21/2022
DeMarini,WSF-23,CSTM Whisper (-9) Custom,1100,8/17/2022
DeMarini,WSF-23H,Whisper Hope (-9),1100,2/2/2024
DeMarini,WSF-25,Whisper (-9),1100,2/2/2024
DeMarini,WSF-25,CSTM Whisper (-9),1100,2/2/2024
DeMarini,WSF-PR,Whisper Pride (-9),1100,2/20/2023
DeMarini,WSP-23,Whisper (-10),1100,11/25/2022
DeMarini,WSP-23,CSTM Whisper (-10) Custom,1100,11/25/2022
DeMarini,WSP-23H,Whisper Hope (-10),1100,2/2/2024
DeMarini,WSP-25,Whisper (-10),1100,2/2/2024
DeMarini,WSP-25,CSTM Whisper (-10) Custom,1100,2/2/2024
DeMarini,WSP-PR,Whisper Pride (-10),1100,2/20/2023
DeMarini,WSPS-23,Whisper (10),1100,7/21/2022
DeMarini,WSPS-23,CSTM Whisper (-10) Custom,1100,8/17/2022
DeMarini,WSPS-23H,Whisper Hope (-10),1100,2/2/2024
DeMarini,WSPS-25,Whisper (-10),1100,2/2/2024
DeMarini,WSPS-25,CSTM Whisper (-10) Custom,1100,2/2/2024
DeMarini,WSPS-PR,Whisper Pride (-10),1100,2/20/2023
Dirty,South,Bats FSDNGR-1 DNGR,1350,10/2/2018
Dirty,South,Bats FSMI08 Midnight,1350,10/19/2017
Dirty,South,Bats FSSW08 Lady Swag,1350,8/18/2017
Dudley,DDFP9,Doom FP -9,800,6/24/2023
Dudley,DDFP10,Doom FP -10,800,7/1/2022
Dudley,DDFP11,Doom FP -11,800,7/1/2022
Dudley,FPD9,MRBL,800,8/16/2024
Dudley,FPD10,MRBL,800,8/16/2024
Dudley,FPD11,MRBL,800,8/16/2024
Easton,EFP3GFHFB10,Ghost Ice -10,1050,10/23/2023
Easton,EFP4GHAD8,Ghost Advanced -8,900,6/24/2023
Easton,EFP4GHAD9,Ghost Advanced -9,1050,6/24/2023
Easton,EFP4GHAD10,Ghost Advanced -10,1050,6/24/2023
Easton,EFP4GHAD11,Ghost Advanced -11,1050,10/23/2023
Easton,EFP4GHAM10,GHOST ADV DUSK,1050,7/18/2024
Easton,EFP4GHAP10,GHOST ADV DAWN,1050,7/18/2024
Easton,EFP5GHOG10,GHOST OG -10,1000,7/18/2024
Easton,EFP5GHOG9,GHOST OG -9,1000,7/18/2024
Easton,EFP5GHOG8,GHOST OG -8,1000,7/18/2024
Easton,EFP5GHOG11,GHOST OG -11,1000,7/18/2024
Easton,EFP5GHRP8-33,GHOST OG Rocket Pop -8,1000,7/18/2025
Easton,EFP5GHRP8-34,GHOST OG Rocket Pop -8,1000,7/18/2025
Easton,EFP5GHRP9-33,GHOST OG Rocket Pop -9,1000,7/18/2025
Easton,EFP5GHRP9-34,GHOST OG Rocket Pop -9,1000,7/18/2025
Easton,EFP5GHRP10,GHOST OG Rocket Pop -10,1000,3/25/2025
Easton,EFP5GHRP11,GHOST OG Rocket Pop -11,1000,7/20/2025
Easton,EFP5GHRS10,GHOST OG Rainbow Sherbert -10,1000,3/25/2025
Easton,EFP5GHRS8-33,GHOST OG Rainbow Sherbet -8,1000,7/18/2025
Easton,EFP5GHRS8-34,GHOST OG Rainbow Sherbet -8,1000,7/18/2025
Easton,EFP5GHRS9-33,GHOST OG Rainbow Sherbet -9,1000,7/18/2025
Easton,EFP5GHRS9-34,GHOST OG Rainbow Sherbet -9,1000,7/18/2025
Easton,EFP5GHRS11,GHOST OG Rainbow Sherbet -11,1000,7/18/2025
Easton,EFP5GHUL8,Ghost Unlimited (-8),900,11/18/2023
Easton,EFP5GHUL9,Ghost Unlimited (-9),900,11/18/2023
Easton,EFP5GHUL10,Ghost Unlimited (-10),900,11/18/2023
Easton,EFP5GHUL11,Ghost Unlimited (-11),900,11/18/2023
Easton,EFP5GHUM10,GHOST UNLIMITED LE -10,900,11/15/2024
Easton,EFP5GHUP10,GHOST UNLIMITED LE -10,900,11/15/2024
Easton,EFP5GHUP11,GHOST UNLIMITED LE -11,900,11/15/2024
Easton,EFP6GHAD11,GHOST ADV -11,1000,11/15/2024
Easton,EFP6GHAD10,GHOST ADV -10,1000,11/15/2024
Easton,EFP6GHAD9,GHOST ADV -9,1000,11/15/2024
Easton,EFP6GHAD8,GHOST ADV -8,1000,11/15/2024
Easton,EFP6GHLE10,Ghost Unlimited -10 Launch Edition,1000,7/18/2025
Easton,EFP6GHSB10-30,GHOST Advanced - Spring Break '26,1000,11/14/2025
Easton,EFP6GHSB10-31,GHOST Advanced - Spring Break '26,1000,11/14/2025
Easton,EFP6GHSB10-32,GHOST Advanced - Spring Break '26,1000,11/14/2025
Easton,EFP6GHSB10-33,GHOST Advanced - Spring Break '26,1000,11/14/2025
Easton,EFP6GHSB10-34,GHOST Advanced - Spring Break '26,1000,11/14/2025
Easton,EFP6GHSB11-29,GHOST Advanced - Spring Break '26,1000,11/14/2025
Easton,EFP6GHSB11-30,GHOST Advanced - Spring Break '26,1000,11/14/2025
Easton,EFP6GHSB11-31,GHOST Advanced - Spring Break '26,1000,11/14/2025
Easton,EFP6GHSB11-32,GHOST Advanced - Spring Break '26,1000,11/14/2025
Easton,EFP6GHSP8-33,GHOST Advanced - Spring Break '26,1000,11/14/2025
Easton,EFP6GHSP8-34,GHOST Advanced - Spring Break '26,1000,11/14/2025
Easton,EFP6GHSP9-32,GHOST Advanced - Spring Break '26,1000,11/14/2025
Easton,EFP6GHSP9-33,GHOST Advanced - Spring Break '26,1000,11/14/2025
Easton,EFP6GHSP9-34,GHOST Advanced - Spring Break '26,1000,11/14/2025
Easton,EFP6GHSP10-30,GHOST Advanced - Spring Break '26,1000,11/14/2025
Easton,EFP6GHSP10-31,GHOST Advanced - Spring Break '26,1000,11/14/2025
Easton,EFP6GHSP10-32,GHOST Advanced - Spring Break '26,1000,11/14/2025
Easton,EFP6GHSP10-33,GHOST Advanced - Spring Break '26,1000,11/14/2025
Easton,EFP6GHSP10-34,GHOST Advanced - Spring Break '26,1000,11/14/2025
Easton,EFP6GHSP11-29,GHOST Advanced - Spring Break '26,1000,11/14/2025
Easton,EFP6GHSP11-30,GHOST Advanced - Spring Break '26,1000,11/14/2025
Easton,EFP6GHSP11-31,GHOST Advanced - Spring Break '26,1000,11/14/2025
Easton,EFP6GHSP11-32,GHOST Advanced - Spring Break '26,1000,11/14/2025
Easton,EFP6GHSY10-30,GHOST Advanced - Spring Break '26,1000,11/14/2025
Easton,EFP6GHSY10-31,GHOST Advanced - Spring Break '26,1000,11/14/2025
Easton,EFP6GHSY10-32,GHOST Advanced - Spring Break '26,1000,11/14/2025
Easton,EFP6GHSY10-33,GHOST Advanced - Spring Break '26,1000,11/14/2025
Easton,EFP6GHSY10-34,GHOST Advanced - Spring Break '26,1000,11/14/2025
Easton,EFP6GHSY11-29,GHOST Advanced - Spring Break '26,1000,11/14/2025
Easton,EFP6GHSY11-30,GHOST Advanced - Spring Break '26,1000,11/14/2025
Easton,EFP6GHSY11-31,GHOST Advanced - Spring Break '26,1000,11/14/2025
Easton,EFP6GHSY11-32,GHOST Advanced - Spring Break '26,1000,11/14/2025
Easton,EFP6GHTW10,GHOST Advanced Twilight -10,1000,7/18/2025
Easton,EFP6GHTW11,GHOST Advanced Twilight -11,1000,7/18/2025
Easton,EFP6GHUL8,Ghost Unlimited -8,900,7/18/2025
Easton,EFP6GHUL9,Ghost Unlimited -9,900,7/18/2025
Easton,EFP6GHUL10,Ghost Unlimited -10,900,7/18/2025
Easton,EFP6GHUL11,Ghost Unlimited -11,900,7/18/2025
Easton,EFP7GHOG8-33,GHOST OG -8,1000,11/14/2025
Easton,EFP7GHOG8-34,GHOST OG -8,1000,11/14/2025
Easton,EFP7GHOG9-32,GHOST OG -9,1000,11/14/2025
Easton,EFP7GHOG9-33,GHOST OG -9,1000,11/14/2025
Easton,EFP7GHOG9-34,GHOST OG -9,1000,11/14/2025
Easton,EFP7GHOG10-30,GHOST OG -10,1000,11/14/2025
Easton,EFP7GHOG10-31,GHOST OG -10,1000,11/14/2025
Easton,EFP7GHOG10-32,GHOST OG -10,1000,11/14/2025
Easton,EFP7GHOG10-33,GHOST OG -10,1000,11/14/2025
Easton,EFP7GHOG10-34,GHOST OG -10,1000,11/14/2025
Easton,EFP7GHOG11-29,GHOST OG -11,1000,11/14/2025
Easton,EFP7GHOG11-30,GHOST OG -11,1000,11/14/2025
Easton,EFP7GHOG11-31,GHOST OG -11,1000,11/14/2025
Easton,EFP7GHOG11-32,GHOST OG -11,1000,11/14/2025
Easton,EFP7GHOG11-33,GHOST OG -11,1000,11/14/2025
Easton,EFP7OGLE10-31,GHOST OG Launch Edition -10,1000,11/14/2025
Easton,EFP7OGLE10-32,GHOST OG Launch Edition -10,1000,11/14/2025
Easton,EFP7OGLE10-33,GHOST OG Launch Edition -10,1000,11/14/2025
Easton,EFP7OGLE10-34,GHOST OG Launch Edition -10,1000,11/14/2025
Easton,EFP7OGLE11-30,GHOST OG Launch Edition -10,1000,11/14/2025
Easton,EFP7OGLE11-31,GHOST OG Launch Edition -10,1000,11/14/2025
Easton,EFP7OGLE11-32,GHOST OG Launch Edition -10,1000,11/14/2025
Easton,ESA3ALL-24,ALPHA,1050,6/1/2023
Easton,ESA3ALL-25,ALPHA,1050,6/1/2023
Easton,ESA3ALL-26,ALPHA,1050,6/1/2023
Easton,ESA3ALL-27,ALPHA,1050,6/1/2023
Easton,ESA5ALL-25,ALPHA,1050,5/24/2025
Easton,ESA5ALL-26,ALPHA,1050,5/24/2025
Easton,ESA5ALL-27,ALPHA,1050,5/24/2025
Easton,ESA5AMTB-25,TANTRUM,1050,7/22/2025
Easton,ESA5AMTB-26,TANTRUM,1050,7/22/2025
Easton,ESA5AMTB-27,TANTRUM,1050,7/22/2025
Easton,ESA5ASISL-25,ALPHA,1050,5/24/2025
Easton,ESA5ASISL-26,ALPHA,1050,5/24/2025
Easton,ESA5ASISL-27,ALPHA,1050,5/24/2025
Easton,ESA5NEGL-25,NEGOTIATOR,1050,5/24/2025
Easton,ESA5NEGL-26,NEGOTIATOR,1050,5/24/2025
Easton,ESA5NEGL-27,NEGOTIATOR,1050,5/24/2025
Easton,ESA5TNTL-25,TANTRUM,1050,5/24/2025
Easton,ESA5TNTL-26,TANTRUM,1050,5/24/2025
Easton,ESA5TNTL-27,TANTRUM,1050,5/24/2025
Easton,ESA6TNT1B-25,TANTRUM,1200,11/11/2025
Easton,ESA6TNT1B-26,TANTRUM,1200,11/11/2025
Easton,ESA6TNT1B-27,TANTRUM,1200,11/11/2025
Easton,ESA6SISTL-25,TANTRUM,1050,11/14/2025
Easton,ESA6SISTL-26,TANTRUM,1050,11/14/2025
Easton,ESA6SISTL-27,TANTRUM,1050,11/14/2025
Easton,ESA6TMNTL-25,TANTRUM MINT,1050,11/14/2025
Easton,ESA6TMNTL-26,TANTRUM MINT,1050,11/14/2025
Easton,ESA6TMNTL-27,TANTRUM MINT,1050,11/14/2025
Easton,ESA6TNTL-25,TANTRUM,1050,11/14/2025
Easton,ESA6TNTL-26,TANTRUM,1050,11/14/2025
Easton,ESA6TNTL-27,TANTRUM,1050,11/14/2025
Easton,FP18GH10,Ghost,1050,2/28/2017
Easton,FP18GH11,Ghost,1050,4/19/2018
Easton,FP18GH8,Ghost,1050,2/28/2017
Easton,FP18GH9,Ghost,1050,2/28/2017
Easton,FP20GH10,Ghost -10,1050,3/18/2019
Easton,FP20GH11,Ghost -11,1050,7/19/2019
Easton,FP20GH8,Ghost -8,1050,3/18/2019
Easton,FP20GH9,Ghost -9,1050,3/18/2019
Easton,FP20GHAD10,Ghost Advanced,1050,10/2/2019
Easton,FP20GHAD11,Ghost Advanced -11,1050,7/19/2019
Easton,FP20GHAD8,Ghost Advanced,1050,10/2/2019
Easton,FP20GHAD9,Ghost Advanced,1050,10/2/2019
Easton,FP20GHCAN10,Ghost Duel -10,1050,2/4/2020
Easton,FP20GHSNS10,Ghost Duel -10,1050,12/13/2019
Easton,FP21GHADG4TG10,Ghost Advanced Gold,900,6/22/2021
Easton,FP21GHADG4TG11,Ghost Advanced Gold,900,6/22/2021
Easton,FP21GHADGLD10,Ghost Adv Gold,1050,11/5/2020
Easton,FP22GH10,Ghost -10,900,1/6/2021
Easton,FP22GH11,Ghost -11,1050,7/12/2021
Easton,FP22GH8,Ghost -8,900,1/6/2021
Easton,FP22GH9,Ghost -9,900,1/6/2021
Easton,FP22GHAD10,(30-31) Ghost Advanced,900,3/4/2022
Easton,FP22GHAD10,(32-34) Ghost Advanced,900,3/4/2022
Easton,FP22GHAD11,Ghost Advanced -11,1050,7/12/2021
Easton,FP22GHAD8,Ghost Advanced,900,3/4/2022
Easton,FP22GHAD9,Ghost Advanced,900,3/4/2022
Easton,FP22GHAF10,Ghost Advanced Fire,900,8/11/2022
Easton,FP22GHAM10,Ghost Advanced Midnight,900,8/11/2022
Easton,FP22GHT10,Ghost Tie Dye -10,900,1/28/2022
Easton,FP22GHT11,Ghost Tie Dye,1050,3/4/2022
Easton,FP23GH8,Ghost,900,4/15/2022
Easton,FP23GH9,Ghost -9,1050,5/23/2023
Easton,FP23GH10,Ghost -10,1050,5/23/2023
Easton,FP23GH11,Ghost -11,1050,5/23/2023
Easton,FP23GHUB10,Ghost Unlimited Pitch Black -10,900,6/24/2023
Easton,FP23GHUG10,Ghost Unlimited Graffiti -10,900,2/20/2023
Easton,FP23GHUL11,Ghost Unlimited -11,900,7/15/2023
Easton,FP23GHUL10,Ghost Unlimited -10,900,1/28/2022
Easton,FP23GHUL8,Ghost Unlimited -8,900,1/28/2022
Easton,FP23GHUL9,Ghost Unlimited -9,900,1/28/2022
Easton,FP23GHUR10,GhostnUnlimited Infermo -10,900,6/24/2023
Easton,SP18AUTW,Autism,750,4/19/2018
Easton,SP18BHA,Helmer Blueline,750,6/14/2018
Easton,SP18BHBB,Helmer Border Battle,750,4/19/2018
Easton,SP18GH,Ghost,750,8/24/2017
Easton,SP18GH12,Ghost,750,2/12/2018
Easton,SP18TCA,Travis Clark,750,4/19/2018
Easton,SP19AUTA,Autisim,750,6/22/2021
Easton,SP19BOO,BOO,750,1/6/2021
Easton,SP19GH,Ghost 2,750,4/17/2019
Easton,SP20GHRES,Ghost Resmondo,750,11/5/2020
Easton,SP20USA125,Patriotic,750,4/26/2021
Easton,SP20USA135,Patriotic,750,4/26/2021
Easton,SP21GHRWB,Ghost RWB,750,6/22/2021
Easton,SP21GHSAL,Ghost Salvo,750,6/22/2021
Easton,SP21RF1,Ronin Flex 1pc,750,2/4/2020
Easton,SP21RF2,Ronin Flex 2pc,750,2/4/2020
Easton,SP21ZAPL,Ghost ZAP,750,6/22/2021
Easton,SP22ARGHL,Comic ARGH,750,3/4/2022
Easton,SP22BCP,BellCorp,750,7/1/2022
Easton,SP22BDM,Dunn Deal MIdLoad,750,7/1/2022
Easton,SP22CATM,Hellcat,750,3/4/2022
Easton,SP22GHML,Ghostmondo Load,750,11/5/2021
Easton,SP22GML,Ghostmondo Ext,750,11/5/2021
Easton,SP22OBB,Obscura Balanced,750,8/11/2022
Easton,SP22OBL,Obscura Loaded,750,8/11/2022
Easton,SP22ZWAPL,Comic ZZWAP,750,3/4/2022
Easton,SP23GHML,Ghost Mondo Loaded,750,8/11/2022
Easton,SP23HRLA,Resmondo,750,7/1/2022
Easton,SP23OBB,Obscura Balanced,750,8/11/2022
Easton,SP23OBLA,Obscura Loaded,750,8/11/2022
Easton,SP23SMKAL,Comic Smack,750,3/4/2022
Easton,SPSAL1L,Salvo 1PC,750,11/5/2021
Easton,SPSAL1LE,Salvo 1PC 13.5,750,11/5/2021
Easton,SPSAL2L,Salvo 2PC 13.5,750,11/5/2021
JawBats,JFP1CCE,EVO1,1000,10/2/2024
Louisville,Slugger,CFPKR9-25V Kyro (-9) Custom,950,11/18/2023
Louisville,Slugger,CFPKR9-26V 2026 Custom Kryo (-9),950,11/20/2024
Louisville,Slugger,CFPKR10-25V Kyro (-10) Custom,950,11/18/2023
Louisville,Slugger,CFPKR10-26V 2026 Custom Kryo (-10),950,11/20/2024
Louisville,Slugger,CFPKR11-25V Kyro (-11) Custom,950,11/18/2023
Louisville,Slugger,CFPKR11-26V 2026 Custom Kryo (-11),950,11/20/2024
Louisville,Slugger,CFPKR29-27V 2027 CUSTOM KRYO2 (-9),950,11/16/2025
Louisville,Slugger,CFPKR210-27V 2027 CUSTOM KRYO2 (-10),950,11/16/2025
Louisville,Slugger,CFPKR211-27V 2027 CUSTOM KRYO2 (-11),950,11/16/2025
Louisville,Slugger,CFPKRO9-27V 2027 CUSTOM KRYO ONE (-9),1050,2/15/2026
Louisville,Slugger,CFPKRO10-27V 2027 CUSTOM KRYO ONE (-10),1050,2/15/2026
Louisville,Slugger,CFPKRO11-27V 2027 CUSTOM KRYO ONE (-11),1050,2/15/2026
Louisville,Slugger,CFPLX8-20V LXT (-8) Custom,1400,6/24/2023
Louisville,Slugger,CFPLX8-21V LXT (-8) Custom,1400,6/24/2023
Louisville,Slugger,CFPLX8-22V LXT (-8) Custom,1400,6/25/2023
Louisville,Slugger,CFPLX8-24V LXT (-8) Custom,1400,5/13/2023
Louisville,Slugger,CFPLX9-20V LXT (-9) Custom,1400,6/24/2023
Louisville,Slugger,CFPLX9-21V LXT (-9) Custom,1400,6/24/2023
Louisville,Slugger,CFPLX9-22V LXT (-9) Custom,1400,6/25/2023
Louisville,Slugger,CFPLX9-24V LXT (-9) Custom,1400,5/13/2023
Louisville,Slugger,CFPLX9-25V 2025 LXT (-9) Custom,1400,11/18/2023
Louisville,Slugger,CFPLX10-20V LXT (-10) Custom,1400,6/24/2023
Louisville,Slugger,CFPLX10-21V LXT (-10) Custom,1400,6/24/2023
Louisville,Slugger,CFPLX10-22V LXT (-10) Custom,1400,6/24/2023
Louisville,Slugger,CFPLX10-24V LXT (-10) Custom,1400,5/13/2023
Louisville,Slugger,CFPLX10-25V 2025 LXT (-10) Custom,1400,11/18/2023
Louisville,Slugger,CFPLX10-26V 2026 Custom LX3 (-10),1200,11/20/2024
Louisville,Slugger,CFPLX11-20V LXT (-11) Custom,1400,6/24/2023
Louisville,Slugger,CFPLX11-21V LXT (-11) Custom,1400,6/24/2023
Louisville,Slugger,CFPLX11-22V LXT (-11) Custom,1400,6/24/2023
Louisville,Slugger,CFPLX11-24V LXT (-11) Custom,1400,5/13/2023
Louisville,Slugger,CFPLX11-25V 2025 LXT (-11) Custom,1400,11/18/2023
Louisville,Slugger,CFPLX11-26V 2026 Custom LX3 (-11),1200,11/20/2024
Louisville,Slugger,CFPLX12-20V LXT -12) Custom,1400,6/24/2023
Louisville,Slugger,CFPMX9-22V Meta FP (-9) Custom,950,6/24/2023
Louisville,Slugger,CFPMX9-23V Meta FP (-9) Custom,950,5/13/2023
Louisville,Slugger,CFPMX10-22V Meta FP (-10) Custom,950,6/24/2023
Louisville,Slugger,CFPMX10-23V Meta FP (-10) Custom,950,5/13/2023
Louisville,Slugger,CFPMX11-22V Meta FP (-11) Custom,950,6/24/2023
Louisville,Slugger,CFPMX11-23V Meta FP (-11) Custom,950,5/13/2023
Louisville,Slugger,CSPTPZAB-20 TPZ ASA Balanced,1100,5/20/2023
Louisville,Slugger,CSPTPZAE-20 TPZ ASA Endload,1100,5/20/2023
Louisville,Slugger,FFF-26 Future (-9),900,10/20/2025
Louisville,Slugger,FFF-26 CSTM Future (-9) Custom,900,10/20/2025
Louisville,Slugger,FFPXS-26 Future (-10),900,10/20/2025
Louisville,Slugger,FFPXS-26 CSTM Future (-10) Custom,900,10/20/2025
Louisville,Slugger,FP11X TPS Xeno (-10),1400,4/12/2013
Louisville,Slugger,FP11X8 TPS Xeno (-8),1400,4/12/2013
Louisville,Slugger,FP11X9 TPS Xeno (-9),1400,4/12/2013
Louisville,Slugger,FP12X Xeno (-10),1400,4/12/2013
Louisville,Slugger,FP12X8 Xeno (-8),1400,4/12/2013
Louisville,Slugger,FP12X9 Xeno (-9),1400,4/12/2013
Louisville,Slugger,FP13X TPS Xeno (-10),1400,4/12/2013
Louisville,Slugger,FP13X8 TPS Xeno (-8),1400,4/12/2013
Louisville,Slugger,FP13X9 TPS Xeno (-9),1400,4/12/2013
Louisville,Slugger,FPACD12-27 2027 ASCENT,1400,11/11/2025
Louisville,Slugger,FPAUD12-27 2027 AURA (-12),1300,2/15/2026
Louisville,Slugger,FPKRD8-25 2025 Kyro (-8),950,11/17/2023
Louisville,Slugger,FPKRD8-26 2026 Kryo (-8),950,11/20/2024
Louisville,Slugger,FPKRD9-25 2025 Kyro (-9),950,11/17/2023
Louisville,Slugger,FPKRD9-26 2026 Kryo (-9),950,11/15/2024
Louisville,Slugger,FPKRD10-25 2025 Kyro (-10),950,11/17/2023
Louisville,Slugger,FPKR2D10L-27 2027 KRYO2 (-10),950,2/15/2026
Louisville,Slugger,FPKRD10S-26 2026 Kryo (-10),1100,11/15/2024
Louisville,Slugger,FPKRD11-25 2025 Kyro (-11),950,11/17/2023
Louisville,Slugger,FPKRD10L-26 2026 Kryo (-10),950,11/20/2024
Louisville,Slugger,FPKRD10S-26 2026 Kryo (-10),1100,11/20/2024
Louisville,Slugger,FPKRD11L-26 2026 Kryo (-11),950,11/20/2024
Louisville,Slugger,FPKRD11S-26 2026 Kryo (-11),1100,11/20/2024
Louisville,Slugger,FPKROD8-27 2027 KRYO ONE (-8),1050,2/15/2026
Louisville,Slugger,FPKROD9-27 2028 KRYO ONE (-9),1050,2/15/2026
Louisville,Slugger,FPKROD10L-27 2027 KRYO ONE (-10),1050,2/15/2026
Louisville,Slugger,FPKROD10S-27 2027 KRYO ONE (-10),1100,2/15/2026
Louisville,Slugger,FPKROD11L-27 2027 KRYO ONE (-11),1050,2/15/2026
Louisville,Slugger,FPKROD11S-27 2028 KRYO ONE (-11),1100,2/15/2026
Louisville,Slugger,FPKR2D8-27 2027 KRYO2 (-8),950,10/13/2025
Louisville,Slugger,FPKR2D9-27 2027 KRYO2 (-9),950,11/16/2025
Louisville,Slugger,FPKR2D10L-27 2027 KRYO2 (-10),950,10/13/2025
Louisville,Slugger,FPKR2D10S-27 2027 KRYO2 (-10),950,11/16/2025
Louisville,Slugger,FPKR2D11L-27 2027 KRYO2 (-11),950,11/16/2025
Louisville,Slugger,FPKR2D11S-27 2027 KRYO2 (-11),950,11/16/2025
Louisville,Slugger,FPLX14-R8 LXT (-8),1400,4/12/2013
Louisville,Slugger,FPLX14-R9 LXT (-9),1400,4/12/2013
Louisville,Slugger,FPLX14-RR LXT (-10),1400,4/12/2013
Louisville,Slugger,FPLX150 LXT (-10),1400,3/4/2014
Louisville,Slugger,FPLX158 LXT (-8),1400,3/4/2014
Louisville,Slugger,FPLX159 LXT (-9),1400,3/4/2014
Louisville,Slugger,FPLX160 LXT (-10),1400,4/13/2015
Louisville,Slugger,FPLX168 LXT (-8),1400,4/13/2015
Louisville,Slugger,FPLX169 LXT (-9),1400,4/13/2015
Louisville,Slugger,FPLXD8-20 LXT X20 (-8),1400,3/18/2019
Louisville,Slugger,FPLXD8-22 LXT X22 (-8),1400,6/24/2023
Louisville,Slugger,FPLXD8-24 LXT (-8),1400,5/13/2023
Louisville,Slugger,FPLXD8-25 2025 LXT (-8),1400,8/10/2025
Louisville,Slugger,FPLXD8-27 2027 LXT (-8),1400,11/11/2025
Louisville,Slugger,FPLXD9-20 LXT X20 (-9),1400,3/28/2019
Louisville,Slugger,FPLXD9-22 LXT X22 (-9),1400,6/24/2023
Louisville,Slugger,FPLXD9-24 LXT (-9),1400,5/13/2023
Louisville,Slugger,FPLXD9-25 2025 LXT (-9),1400,11/18/2023
Louisville,Slugger,FPLXD9-27 2027 LXT (-9),1400,11/17/2025
Louisville,Slugger,FPLXD10-20 LXT X20 (-10),1400,3/18/2019
Louisville,Slugger,FPLXD10-22 LXT X22 (-10),1400,6/24/2023
Louisville,Slugger,FPLXD10-24 LXT (-10),1400,5/13/2023
Louisville,Slugger,FPLXD10-25 2025 LXT (-10),1400,11/18/2023
Louisville,Slugger,FPLXD10L-26 2026 LX3 (-10),1200,11/20/2024
Louisville,Slugger,FPLXD10L-27 2027 LXT (-10),1400,11/11/2025
Louisville,Slugger,FPLXD10S-26 2026 LX3 (-10),1300,11/20/2024
Louisville,Slugger,FPLXD10S-27 2027 LXT (-10),1300,11/16/2025
Louisville,Slugger,FPLXD11-20 LXT X20 (-11),1400,3/18/2019
Louisville,Slugger,FPLXD11-24 LXT (-11),1400,5/13/2023
Louisville,Slugger,FPLXD11-25 2025 LXT (-11),1400,11/18/2023
Louisville,Slugger,FPLXD11L-26 2026 LX3 (-11),1200,11/20/2024
Louisville,Slugger,FPLXD11S-26 2026 LX3 (-11),1300,11/20/2024
Louisville,Slugger,FPLXD11L-27 2027 LXT (-11),1400,11/16/2025
Louisville,Slugger,FPLXD11S-27 2027 LXT (-11),1300,11/16/2025
Louisville,Slugger,FPMXD10-22 Meta (-10),950,1/5/2021
Louisville,Slugger,FPMXD11-22 Meta (-11),950,8/17/2022
Louisville,Slugger,FPMXD8-22 Meta (-10),950,1/5/2021
Louisville,Slugger,FPMXD9-22 Meta (-10),950,1/5/2021
Louisville,Slugger,FPRIDE TPS Xeno (-10),1400,12/4/2013
Louisville,Slugger,FPRIDE TPS Xeno (-10),1400,4/12/2013
Louisville,Slugger,FPRXD10-20 RXT X20,1400,3/18/2019
Louisville,Slugger,FPXN14-R8 Xeno (-8),1400,4/12/2013
Louisville,Slugger,FPXN14-R9 Xeno (-9),1400,4/12/2013
Louisville,Slugger,FPXN14-RR Xeno (-10),1400,4/12/2013
Louisville,Slugger,FPXN150 Xeno (-10),1400,3/4/2014
Louisville,Slugger,FPXN158 Xeno (-8),1400,3/4/2014
Louisville,Slugger,FPXN159 Xeno (-9),1400,3/4/2014
Louisville,Slugger,FPXN160 Xeno (-10),1400,4/13/2015
Louisville,Slugger,FPXN161 Xeno (-11),1400,4/13/2015
Louisville,Slugger,FPXN168 Xeno (-8),1400,4/13/2015
Louisville,Slugger,FPXN169 Xeno (-9),1400,4/13/2015
Louisville,Slugger,FPXND8-21V XENO X21 (-8),1400,6/24/2023
Louisville,Slugger,FPXND8-24 XENO (-8),1400,5/13/2023
Louisville,Slugger,FPXND8-25 2025 Xeno (-8),1400,11/18/2023
Louisville,Slugger,FPXND9-21V XENO X21 (-9),1400,6/24/2023
Louisville,Slugger,FPXND9-24 XENO (-9),1400,5/13/2023
Louisville,Slugger,FPXND9-25 2025 Xeno (-9),1400,11/18/2023
Louisville,Slugger,FPXND10-21V XENO X21 (-10),1400,6/24/2023
Louisville,Slugger,FPXND11-21V XENO X21 (-10),1400,6/24/2023
Louisville,Slugger,FPXND10-24 XENO (-10),1400,5/13/2023
Louisville,Slugger,FPXND10-25 2025 Xeno (-10),1400,11/18/2023
Louisville,Slugger,FPXND11-24 XENO (-11),1400,5/13/2023
Louisville,Slugger,LFPKRLTMD8-26 2026 Kryo (-8) Love The Moment,950,11/17/2025
Louisville,Slugger,LFPKRLTMD9-26 2026 Kryo (-9) Love The Moment,950,11/17/2025
Louisville,Slugger,LFPKRLTMD10L-26 2026 Kryo (10) Love The Moment,950,11/17/2025
Louisville,Slugger,LFPKRLTMD10S-26 2026 Kryo (10) Love The Moment,1100,11/17/2025
Louisville,Slugger,LFPKRLTMD11lL-26 2026 Kryo (11) Love The Moment,950,11/17/2025
Louisville,Slugger,LFPKRLTMD11lS-26 2026 Kryo (11) Love The Moment,1100,11/17/2025
Louisville,Slugger,LFPKRPD8-26 2026 Kryo (-8) Thundernight,950,3/19/2025
Louisville,Slugger,LFPKRPD9-26 2026 Kryo (-9) Thundernight,950,3/19/2025
Louisville,Slugger,LFPKRPD10L-26 2026 Kryo (-10) Thundernight,950,3/19/2025
Louisville,Slugger,LFPKRPD10S-26 2026 Kryo (-10) Thundernight,1100,3/19/2025
Louisville,Slugger,LFPKRPD11L-26 2026 Kryo (-11) Thundernight,950,3/19/2025
Louisville,Slugger,LFPKRPD11S-26 2026 Kryo (-11) Thundernight,1100,3/19/2025
Louisville,Slugger,LFPKRWD10-25 2025 Kryo LTD (-10) (Frost),950,11/20/2024
Louisville,Slugger,LFPKRWD11-25 2025 Kryo LTD (-11) (Frost),950,11/20/2024
Louisville,Slugger,LFPLX2D10-23 2022 LXT LTD (-10),1400,8/17/2022
Louisville,Slugger,LFPLX2D11-23 2022 LXT LTD (-11),1400,8/17/2022
Louisville,Slugger,LFPMX2D8-23 2024 Meta FP (-8),950,5/13/2023
Louisville,Slugger,LFPMX2D9-23 2024Meta FP (-9),950,5/13/2023
Louisville,Slugger,LFPMX2D10-23 2024Meta FP (-10),950,5/13/2023
Louisville,Slugger,LXNTWD10-20 LTD Xeno Twilight (-10),1400,7/19/2019
Louisville,Slugger,SB11Z TPS Z-1000,1400,4/12/2013
Louisville,Slugger,SB12ZAB TPS Z1000,1400,4/12/2013
Louisville,Slugger,SB12ZAE TPS Z-1000,1400,4/12/2013
Louisville,Slugger,SB13ZAB TPS Z2000 (Balanced),1400,4/12/2013
Louisville,Slugger,SB13ZAE TPS Z2000 (End Loaded),1400,4/12/2013
Louisville,Slugger,SBSZ216A-B Super Z Balanced,1400,6/20/2015
Louisville,Slugger,SBSZ216A-E Super Z End Loaded,1400,6/20/2015
Louisville,Slugger,SBZ214AB Z2000 (Balanced),1400,3/4/2014
Louisville,Slugger,SBZ214AE Z2000 (End Loaded),1400,3/4/2014
Louisville,Slugger,SBZ215A-B Z2000 (Balanced),1400,3/4/2014
Louisville,Slugger,SBZ215A-E Z2000 (End Loaded),1400,3/4/2014
Louisville,Slugger,SBZ314-AB Z-3000 (Balanced),1400,9/27/2013
Louisville,Slugger,SBZ314-AE Z-3000 (End Loaded),1400,9/27/2013
Louisville,Slugger,SBZ416A-B Z4000 (Balanced),1400,4/13/2015
Louisville,Slugger,SBZ416A-E Z4000 (End Loaded),1400,4/13/2015
Louisville,Slugger,SP4TFAE-23 4 The Fallen USA 2.0,1100,8/17/2022
Louisville,Slugger,SPGAPAE-24 TPS Genesis 2pc USA EL Andy Purcell,1100,5/13/2023
Louisville,Slugger,SPGBTSAB-24 Genesis 2pc USA Baseball Town SMU -Bal,1100,5/13/2023
Louisville,Slugger,SPGDSAE-24 TPS Genesis 2pc USA EL Dan Sanchez,1100,5/13/2023
Louisville,Slugger,SPGEWAE-24 Genesis 2pc USA EL Everett Williams,1100,5/13/2023
Louisville,Slugger,SPGTMAP-24 Genesis 2pc USA EL Tyler Mashburn,1100,5/13/2023
Louisville,Slugger,SPEWSAE-23 TPZ Everett Williams USA,1100,8/17/2022
Louisville,Slugger,SPINRAE-23 TPZ Inertia - BAL,1100,8/17/2022
Louisville,Slugger,SPTMSAE-23 TPZ Tyler Marshburn USA,1100,8/17/2022
Louisville,Slugger,SPTPS2AMAE-26 2026 TPS 2PC EL USA AM,950,2/15/2026
Louisville,Slugger,SPTPS2CATAE-26 2026 TPS 2PC CATALYST USA,950,2/15/2026
Louisville,Slugger,SPTPS2FRAB-26 2026 TPS 2PC BAL USA FR,950,2/15/2026
Louisville,Slugger,SPTPS2JTFAP-26 2026 TPS 2PC PL USA JTF,950,2/15/2026
Louisville,Slugger,SPTZAE-20 TPZ,1100,7/19/2019
Louisville,Slugger,WTLCFPLX188V CSTM LXT Custom,1400,6/23/2023
Louisville,Slugger,WTLCFPLX189V CSTM LXT Custom,1400,6/23/2023
Louisville,Slugger,WTLCFPLX180V CSTM LXT Custom,1400,6/23/2023
Louisville,Slugger,WTLCFPLX181V CSTM LXT Custom,1400,6/23/2023
Louisville,Slugger,WTLCFPPX188V-CSTM PXT Custom,1400,6/23/2023
Louisville,Slugger,WTLCFPPX189V-CSTM PXT Custom,1400,6/23/2023
Louisville,Slugger,WTLCFPPX180V-CSTM PXT Custom,1400,6/23/2023
Louisville,Slugger,WTLCLX170V LXT HYPER - Custom (-10),1400,3/29/2016
Louisville,Slugger,WTLCLX171V LXT HYPER - Custom (-11),1400,3/29/2016
Louisville,Slugger,WTLCLX178V LXT HYPER - Custom (-8),1400,3/29/2016
Louisville,Slugger,WTLCLX179V LXT HYPER - Custom (-9),1400,3/29/2016
Louisville,Slugger,WTLFPLX168 LXT HYPER (-8),1400,7/26/2016
Louisville,Slugger,WTLFPLX169 LXT HYPER (-9),1400,7/26/2016
Louisville,Slugger,WTLFPLX170 LXT HYPER (-10),1400,7/26/2016
Louisville,Slugger,WTLFPLX171 LXT HYPER (-11),1400,2/26/2016
Louisville,Slugger,WTLFPLX18A10 LXT (-10),1400,3/21/2017
Louisville,Slugger,WTLFPLX18A11 LXT (-11),1400,3/21/2017
Louisville,Slugger,WTLFPLX18A8 LXT (-8),1400,3/21/2017
Louisville,Slugger,WTLFPLX18A9 LXT (-9),1400,3/21/2017
Louisville,Slugger,WTLFPLX190V-CSTM LXT X19 (-10) CUSTOM,1400,5/18/2018
Louisville,Slugger,WTLFPLX191V-CSTM LXT X19 (-11) CUSTOM,1400,5/18/2018
Louisville,Slugger,WTLFPLX198V-CSTM LXT X19 (-8) CUSTOM,1400,5/18/2018
Louisville,Slugger,WTLFPLX199V-CSTM LXT X19 (-9) CUSTOM,1400,5/18/2018
Louisville,Slugger,WTLFPLX19A10 LXT X19 (-10),1400,5/18/2018
Louisville,Slugger,WTLFPLX19A11 LXT X19 (-11),1400,5/18/2018
Louisville,Slugger,WTLFPLX19A12 LXT X19 (-12),1400,6/20/2018
Louisville,Slugger,WTLFPLX19A8 LXT X19 (-8),1400,5/18/2018
Louisville,Slugger,WTLFPLX19A9 LXT X19 (-9),1400,5/18/2018
Louisville,Slugger,WTLFPXN168 Xeno Plus (-8),1400,7/26/2016
Louisville,Slugger,WTLFPXN169 Xeno Plus (-9),1400,7/26/2016
Louisville,Slugger,WTLFPXN170 Xeno Plus (-10),1400,7/26/2016
Louisville,Slugger,WTLFPXN171 Xeno Plus (-11),1400,2/12/2016
Louisville,Slugger,WTLFPXN18A10 Xeno (-10),1400,3/21/2017
Louisville,Slugger,WTLFPXN18A11 Xeno (-11),1400,3/21/2017
Louisville,Slugger,WTLFPXN18A8 Xeno (-8),1400,3/21/2017
Louisville,Slugger,WTLFPXN18A9 Xeno (-9),1400,3/21/2017
Louisville,Slugger,WTLFPXN19A10 Xeno (-10),1400,5/18/2018
Louisville,Slugger,WTLFPXN19A11 Xeno (-11),1400,5/18/2018
Louisville,Slugger,WTLFPXN19A8 Xeno (-8),1400,5/18/2018
Louisville,Slugger,WTLFPXN19A9 Xeno (-9),1400,5/18/2018
Louisville,Slugger,WTLFPXNW8A10 Xeno Platinum,1400,12/13/2017
Louisville,Slugger,WTLLZ4A17P Z4 Power Load,1400,12/13/2017
Louisville,Slugger,WTLSZA16B Super Z Balanced,1400,2/12/2016
Louisville,Slugger,WTLSZA16E Super Z End Load,1400,2/12/2016
Louisville,Slugger,WTLSZA17E Super Z End Load,1400,11/23/2017
Louisville,Slugger,WTLTPSA19P TPS,1250,3/18/2019
Louisville,Slugger,WTLZ4A16B Z4 Balanced,1400,2/12/2016
Louisville,Slugger,WTLZ4A16E Z4 End Load,1400,2/12/2016
Louisville,Slugger,WTLZ4A17B Z4 Balanced,1400,11/23/2017
Louisville,Slugger,WTLZ4A17E Z4 End Load,1400,11/23/2017
Marucci,MFPAS8-33,ASURA,900,3/24/2025
Marucci,MFPAS9-33,ASURA,900,3/24/2025
Marucci,MFPAS8-34,ASURA,900,3/24/2025
Marucci,MFPAS9-34,ASURA,900,3/24/2025
Marucci,MFPAS9P-33,Asura -9,900,11/18/2025
Marucci,MFPAS9P-331/2,Asura -9,900,11/18/2025
Marucci,MFPAS9P-34,Asura -9,900,11/18/2025
Marucci,MFPAS10-34,Asura -10,900,2/25/2025
Marucci,MFPAS10-33,Asura -10,900,2/25/2025
Marucci,MFPAS10-32,Asura -10,900,2/25/2025
Marucci,MFPAS10-31,Asura -10,900,2/25/2025
Marucci,MFPAS10-30,Asura -10,900,2/25/2025
Marucci,MFPAS10-29,Asura -10,900,2/25/2025
Marucci,MFPAS10-28,Asura -10,900,2/25/2025
Marucci,MFPAS10O-28,Asura -10,900,11/18/2025
Marucci,MFPAS10O-29,Asura -10,900,11/18/2025
Marucci,MFPAS10O-30,Asura -10,900,11/18/2025
Marucci,MFPAS10O-31,Asura -10,900,11/18/2025
Marucci,MFPAS10O-32,Asura -10,900,11/18/2025
Marucci,MFPAS10O-33,Asura -10,900,11/18/2025
Marucci,MFPAS10O-331/2,Asura -10,900,11/18/2025
Marucci,MFPAS10O-34,Asura -10,900,11/18/2025
Marucci,MFPAS10P-28,Asura -10,900,11/18/2025
Marucci,MFPAS10P-29,Asura -10,900,11/18/2025
Marucci,MFPAS10P-30,Asura -10,900,11/18/2025
Marucci,MFPAS10P-31,Asura -10,900,11/18/2025
Marucci,MFPAS10P-32,Asura -10,900,11/18/2025
Marucci,MFPAS10P-33,Asura -10,900,11/18/2025
Marucci,MFPAS10P-331/2,Asura -10,900,11/18/2025
Marucci,MFPAS10P-34,Asura -10,900,11/18/2025
Marucci,MFPAS11-33,Asura -11,900,2/25/2025
Marucci,MFPAS11-32,Asura -11,900,2/25/2025
Marucci,MFPAS11-31,Asura -11,900,2/25/2025
Marucci,MFPAS11-30,Asura -11,900,2/25/2025
Marucci,MFPAS11-29,Asura -11,900,2/25/2025
Marucci,MFPAS11-28,Asura -11,900,2/25/2025
Marucci,MFPAS11O-28,Asura -11,900,11/18/2025
Marucci,MFPAS11O-29,Asura -11,900,11/18/2025
Marucci,MFPAS11O-30,Asura -11,900,11/18/2025
Marucci,MFPAS11O-31,Asura -11,900,11/18/2025
Marucci,MFPAS11O-32,Asura -11,900,11/18/2025
Marucci,MFPAS11O-33,Asura -11,900,11/18/2025
Marucci,MFPAS11P-28,Asura -11,900,11/18/2025
Marucci,MFPAS11P-29,Asura -11,900,11/18/2025
Marucci,MFPAS11P-30,Asura -11,900,11/18/2025
Marucci,MFPAS11P-31,Asura -11,900,11/18/2025
Marucci,MFPAS11P-32,Asura -11,900,11/18/2025
Marucci,MFPAS11P-33,Asura -11,900,11/18/2025
Marucci,MFPASL8-33,Asura Lux-9,900,10/21/2025
Marucci,MFPASL8-331/2,Asura Lux-9,900,10/21/2025
Marucci,MFPASL8-34,Asura Lux-9,900,10/21/2025
Marucci,MFPASL9-32,Asura Lux-9,900,10/21/2025
Marucci,MFPASL9-321/2,Asura Lux-9,900,10/21/2025
Marucci,MFPASL9-33,Asura Lux-9,900,10/21/2025
Marucci,MFPASL9-331/2,Asura Lux-9,900,10/21/2025
Marucci,MFPASL10-28,Asura Lux -10,900,10/21/2025
Marucci,MFPASL10-29,Asura Lux -10,900,10/21/2025
Marucci,MFPASL10-30,Asura Lux -10,900,10/21/2025
Marucci,MFPASL10-31,Asura Lux -10,900,10/21/2025
Marucci,MFPASL10-32,Asura Lux -10,900,10/21/2025
Marucci,MFPASL10-32,1/2 Asura Lux -10,900,10/21/2025
Marucci,MFPASL10-33,Asura Lux -10,900,10/21/2025
Marucci,MFPASL10-33,1/2 Asura Lux -10,900,10/21/2025
Marucci,MFPASL10-34,Asura Lux -10,900,10/21/2025
Marucci,MFPASL11-28,Asura Lux -11,900,10/21/2025
Marucci,MFPASL11-29,Asura Lux -11,900,10/21/2025
Marucci,MFPASL11-30,Asura Lux -11,900,10/21/2025
Marucci,MFPASL11-31,Asura Lux -11,900,10/13/2025
Marucci,MFPASL11-32,Asura Lux-11,900,10/21/2025
Marucci,MFPASL11-33,Asura Lux -11,900,10/13/2025
Marucci,MSPCCY2LA-25,Chocolate Crush Yellow,850,8/19/2025
Marucci,MSPCCY2LA-26,Chocolate Crush Yellow,850,8/19/2025
Marucci,MSPCCY2LA-27,Chocolate Crush Yellow,850,8/19/2025
Marucci,MSPDR2LA-25,Driippy,850,8/19/2025
Marucci,MSPDR2LA-26,Driippy,850,8/19/2025
Marucci,MSPDR2LA-27,Driippy,850,8/19/2025
Miken,FKPTBA,Freak Platinum,1300,11/23/2016
Miken,FKPTMA,Freak Platinum Maxload,1300,12/8/2016
Miken,FPATMA,Freak Patriot,1300,10/31/2016
Miken,M1220A,Freak,1050,12/13/2017
Miken,MAZDCA,DC-41,1300,4/26/2021
Miken,MBBF4A,Freak USA,1300,5/22/2018
Miken,MBBFKA,Freak USA Border Battle Supermax,1300,5/24/2017
Miken,MBJ22A,Chaos Maxload Bradley Jones,1300,4/15/2022
Miken,MDC17A,DC-41 Supermax Denny Crine,1300,9/22/2017
Miken,MDC18A,DC-41,1300,10/24/2018
Miken,MDC18A-NAV,DC-41 Supermax - Navy,1300,1/6/2021
Miken,MDC20A,DC-41,1300,3/25/2020
Miken,MDC22A,Dc-41 Supermax,1300,1/28/2022
Miken,MDC41A,DC-41,1300,11/23/2016
Miken,MF20BA,Freak,1300,12/13/2017
Miken,MF20MA,Freak,1300,12/13/2017
Miken,MFDSSA,Freakadelic,1300,4/26/2021
Miken,MFK22A,Freak,1300,7/1/2022
Miken,MFK23A,Freak 23 Kyle Pearson,1050,9/22/2017
Miken,MFKUSA,Freak USA,1300,6/26/2019
Miken,MFRK3A,Freak 23,1050,7/1/2022
Miken,MGD21A,Freak Gold,1050,4/26/2021
Miken,MGOLDA,Freak Gold,1300,11/1/2019
Miken,MKP20A,Freak 23 - Kyle Pearson,1050,9/5/2019
Miken,MKP21A,Freak 23,1050,1/6/2021
Miken,MKP22A,Freak 23,1050,1/28/2022
Miken,MKP23A,Freak 23,1050,10/24/2019
Miken,MKP23A-RWB,Freak 23 - Kyle Pearson,1050,9/5/2019
Miken,MKPSAP,Freak 23,1050,1/28/2022
Miken,MP21BA,Freak Primo,1300,1/6/2021
Miken,MP21MA,Freak Primo,1300,1/6/2021
Miken,MP22BA,Freak Primo,1300,1/28/2022
Miken,MP22MA,Freak Primo,1300,1/28/2022
Miken,MPMOBA,Freak Primo Balanced,1300,11/1/2019
Miken,MPMOMA,Freak Primo Maxload,1300,11/1/2019
Miken,MPMOSA,Freak Primo Supermax,1300,11/1/2019
Miken,MPR12A,Freak Primo,1050,1/21/2019
Miken,MPRIBA,Freak Primo,1300,1/21/2019
Miken,MPRIMA,Freak Primo,1300,1/21/2019
Miken,MSA3CAB-26,Captain America,1050,7/15/2023
Miken,MSA3CAB-27,Captain America,1050,7/15/2023
Miken,MSA3CAB-28,Captain America,1050,7/12/2023
Miken,MSA3DCX,DC-41 XTRA,1300,6/24/2023
Miken,MSA3DPB-25,Dead Pool,1050,7/12/2023
Miken,MSA3DPB-26,Dead Pool,1050,7/12/2023
Miken,MSA3DPB-27,Dead Pool,1050,7/12/2023
Miken,MSA3FKGL,Freak Gold,1050,2/6/2023
Miken,MSA3FLKL,Freak Lucky,1050,11/25/2022
Miken,MSA3FPL,FRK Patriot,1300,6/24/2023
Miken,MSA3FUL,Freak Gold,1300,2/6/2023
Miken,MSA3KPL,Feak 23 KP,1050,11/25/2022
Miken,MSA3PRMB,Primo,1300,11/25/2022
Miken,MSA3PRMB-25.5,Primo,1050,2/6/2024
Miken,MSA3PRMB-26.5,Primo,1050,2/6/2024
Miken,MSA3PRMB-27.5,Primo,1050,2/6/2024
Miken,MSA3PRML,Primo,1300,11/26/2022
Miken,MSA3PRML-26,Primo Max,1050,10/22/2023
Miken,MSA3PRML-27,Primo Max,1050,10/22/2023
Miken,MSA3PRML-28,Primo Max,1050,10/22/2023
Miken,MSA4PPML-25,Primo,1050,2/6/2024
Miken,MSA4PPML-26,Pro M1 KP12,1050,2/6/2024
Miken,MSA4PPML-27,Pro M1 KP13,1050,2/6/2024
Miken,MSA4PPML-28,Pro M1 KP14,1050,2/6/2024
Miken,MSA4PRMB-25.5,Primo,1050,2/6/2024
Miken,MSA4PRMB-26.5,Primo,1050,2/6/2024
Miken,MSA4PRMB-27.5,Primo,1050,2/6/2024
Miken,MSA4PRML-26,Primo,1050,2/6/2024
Miken,MSA4PRML-27,Primo,1050,2/6/2024
Miken,MSA4PRML-28,Primo,1050,2/6/2024
Miken,MSA4SFHX-25,Superfreak Highlighter,1050,5/20/2024
Miken,MSA4SFHX-26,Superfreak Highlighter,1050,5/20/2024
Miken,MSA4SFHX-27,Superfreak Highlighter,1050,5/20/2024
Miken,MSA5AMDCB-25,DC-41,1050,3/4/2025
Miken,MSA5AMDCB-26,DC-41,1050,3/4/2025
Miken,MSA5AMDCB-27,DC-41,1050,3/4/2025
Miken,MSA5AMKPB-25,KP-23,1050,3/4/2025
Miken,MSA5AMKPB-26,KP-23,1050,3/4/2025
Miken,MSA5AMKPB-27,KP-23,1050,3/4/2025
Miken,MSA5FKDL-25,FREAK-A-DELIC,1050,3/4/2025
Miken,MSA5FKDL-26,FREAK-A-DELIC,1050,3/4/2025
Miken,MSA5FKDL-27,FREAK-A-DELIC,1050,3/4/2025
Miken,MSA5FRKB-25.5,FREAK,1050,3/4/2025
Miken,MSA5FRKB-26.5,FREAK,1050,3/4/2025
Miken,MSA5FRKB-27.5,FREAK,1050,3/4/2025
Miken,MSA5FRKL-26,FREAK,1050,3/4/2025
Miken,MSA5FRKL-27,FREAK,1050,3/4/2025
Miken,MSA5FRKL-28,FREAK,1050,3/4/2025
Miken,MSA5HBL-25,HB12 ICY,1050,3/4/2025
Miken,MSA5HBL-26,HB12 ICY,1050,3/4/2025
Miken,MSA5HBL-27,HB12 ICY,1050,3/4/2025
Miken,MSA5HBL-28,HB12 ICY,1050,3/4/2025
Miken,MSA5KPL-25,KP-23,1050,3/4/2025
Miken,MSA5KPL-26,KP-23,1050,3/4/2025
Miken,MSA5KPL-27,KP-23,1050,3/4/2025
Miken,MSA5KPL-28,KP-23,1050,3/4/2025
Miken,MSA5PRIDEB-25,FREAK WHITE,1050,3/4/2025
Miken,MSA5PRIDEB-26,FREAK WHITE,1050,3/4/2025
Miken,MSA5PRIDEB-27,FREAK WHITE,1050,3/4/2025
Miken,MSA5PRIDEL-25,FREAK BLACK,1100,2/25/2025
Miken,MSA5PRIDEL-26,FREAK BLACK,1100,3/4/2025
Miken,MSA5PRIDEL-27,FREAK BLACK,1100,3/4/2025
Miken,MSA5PRIDEL-28,FREAK BLACK,1050,3/4/2025
Miken,MSA5SFHX-25,SUPERFREAK HIGHLIGHTER,1050,3/4/2025
Miken,MSA5SFHX-26,SUPERFREAK HIGHLIGHTER,1050,3/4/2025
Miken,MSA5SFHX-27,SUPERFREAK HIGHLIGHTER,1050,3/4/2025
Miken,MSA5SISFZ-25,FREAKZILLA,1050,2/3/2025
Miken,MSA5SISFZ-26,FREAKZILLA,1050,2/3/2025
Miken,MSA5SISFZ-27,FREAKZILLA,1050,2/3/2025
Miken,MSA6DMSISL-25,FREAK - Dirty Money,1050,11/14/2025
Miken,MSA6DMSISL-26,FREAK - Dirty Money,1050,11/14/2025
Miken,MSA6DMSISL-27,FREAK - Dirty Money,1050,11/14/2025
Miken,MSA6FKPTB-26,FREAK PT,1200,11/11/2025
Miken,MSA6FKPTB,-27 FREAK PT,1200,11/11/2025
Miken,MSA6FKPTB,-28 FREAK PT,1200,11/11/2025
Miken,MSA6FRKB-25.5,FREAK,1200,11/14/2025
Miken,MSA6FRKB-25.6,FREAK,1200,11/14/2025
Miken,MSA6FRKB-25.7,FREAK,1200,11/14/2025
Miken,MSA6FRKL-26,FREAK,1200,11/14/2025
Miken,MSA6FRKL-27,FREAK,1200,11/14/2025
Miken,MSA6FRKL-28,FREAK,1200,11/14/2025
Miken,MSA6HBFL-25,HB12 Frosty,1100,11/14/2025
Miken,MSA6HBFL-26,HB12 Frosty,1100,11/14/2025
Miken,MSA6HBFL-27,HB12 Frosty,1100,11/14/2025
Miken,MSA6HBRL-25,HB12 RETRO,1100,11/14/2025
Miken,MSA6HBRL-26,HB12 RETRO,1100,11/14/2025
Miken,MSA6HBRL-27,HB12 RETRO,1100,11/14/2025
Miken,MSA6KPL-25,KP23,1100,11/14/2025
Miken,MSA6KPL-26,KP23,1100,11/11/2025
Miken,MSA6KPL-27,KP23,1100,11/11/2025
Miken,MSA6KPL-28,KP23,1100,11/11/2025
Miken,MSA6KP1L-25,KP23,1200,11/11/2025
Miken,MSA6KP1L-26,KP23,1200,11/11/2025
Miken,MSA6KP1L-27,KP23,1200,11/11/2025
Miken,MSA6KP1L-28,KP23,1200,11/11/2025
Miken,MSA6NKPL-25,KP24,1100,11/14/2025
Miken,MSA6NKPL-26,KP25,1100,11/14/2025
Miken,MSA6NKPL-27,KP26,1100,11/14/2025
Miken,MSA6PRIDEB-25,FREAK WHITE,1100,11/14/2025
Miken,MSA6PRIDEB-26,FREAK WHITE,1100,11/14/2025
Miken,MSA6PRIDEB-27,FREAK WHITE,1100,11/14/2025
Miken,MSA6PRIDEl-25,FREAK BLACK,1100,11/14/2025
Miken,MSA6PRIDEl-26,FREAK BLACK,1100,11/14/2025
Miken,MSA6PRIDEl-27,FREAK BLACK,1100,11/14/2025
Miken,MSA6PRIDEl-28,FREAK BLACK,1100,11/14/2025
Miken,MSISFZ,Freakzilla,1300,3/1/2018
Mizuno,340443,Ghost (-10),1400,1/18/2017
Mizuno,340444,Ghost (-9),1400,1/18/2017
Mizuno,340445,Ghost (-8),1400,1/18/2017
Mizuno,340471,F19-PWR CRBN (-10),1400,6/1/2023
Mizuno,340472,F19-PWR CRBN (-9),1400,6/1/2023
Mizuno,340548,Crush,1250,12/13/2019
Mizuno,340551,F21-PWR CRBN (-10),1400,6/1/2023
Mizuno,340552,F21-PWR CRBN (-9),1400,6/1/2023
Mizuno,340553,F21-PWR CRBN (-11),1400,6/1/2023
Mizuno,340603,PWRCRBN (-10),1400,2/20/2023
Mizuno,340604,PWRCRBN (-9),1400,2/20/2023
Mizuno,340605,PWRCRBN (-11),1400,2/20/2023
Mizuno,340665,F25-CRBN PRO (-10),1200,5/14/2024
Mizuno,340666,F25-CRBN PRO (-9),1200,5/14/2024
Mizuno,340667,F25-CRBN PRO (-11),1200,5/14/2024
Mizuno,340683,F25-CRBN PRO (-8),1200,5/14/2024
Mizuno,340690,F26-CRBN X (-10),1300,11/20/2025
Mizuno,340691,F26-CRBN X (-9),1300,11/20/2025
Mizuno,340692,F26-CRBN X (-8),1300,11/20/2025
Monsta,16FPDNAA2,DNA FP,1400,2/26/2016
Monsta,16SPBLCA1,Bombardier,1100,2/26/2016
Monsta,16SPTA2LC,Torch,1100,2/26/2016
Monsta,17FPTA2,Torch,1400,2/28/2017
Monsta,17SPBA1,Bombardier,1100,5/24/2017
Monsta,17SPBMA1,Boogieman LC,1050,2/28/2017
Monsta,17SPDNAM2A,DNA Mutated,1100,5/11/2017
Monsta,17SPTA2,Torch,1050,10/31/2016
Monsta,17SPWCM2A,WC Monsta Militia,1100,5/24/2017
Monsta,18FPM18-1,Torch,1400,1/8/2018
Monsta,18SPAV1,Adversity,950,9/27/2018
Monsta,18SPCGM2A,Cancer Sucks,1100,9/11/2018
Monsta,18SPDNAM2A,DNA Mutated,1100,12/13/2017
Monsta,18SPFA1,Fallout,1050,4/10/2018
Monsta,18SPFA1T,18 Fallout,1050,10/6/2022
Monsta,18SPFA2,Fallout,1050,3/9/2018
Monsta,18SPFA2T,Fallout,1050,1/7/2019
Monsta,18SPSA1,Sinister,1050,12/13/2017
Monsta,18SPTA2,Torch,1050,12/13/2017
Monsta,18SPWTA2,Wood Grain Torch,1050,7/1/2022
Monsta,19SPA3CA2,Chief,1050,3/18/2019
Monsta,19SPA3CA2S,Chief,1050,3/25/2020
Monsta,19SPA3CA2T,Chief,1050,3/18/2019
Monsta,19SPA3CA2Z,Chief,950,3/25/2020
Monsta,19SPA3H2,Heros,1050,8/9/2019
Monsta,19SPA3H2F,Heros,1050,8/9/2019
Monsta,19SPDC1A2,Daisy Cutter,1050,3/18/2019
Monsta,19SPGNA3A2,Get Nutz,1050,9/11/2018
Monsta,19SPSA1,Sinister,1050,3/18/2019
Monsta,19SPTA2,Torch,1050,9/11/2018
Monsta,19SPTA2F,Torch,1050,9/11/2018
Monsta,19SPTN2A,True North,1050,8/9/2019
Monsta,19SPZ1,Zombie,950,3/18/2019
Monsta,19SPZ1E,Zombie,1000,9/10/2019
Monsta,20FPHA24,Hype,1350,3/25/2020
Monsta,20FPM20A2,M-20,1400,9/10/2019
Monsta,20SP40MMA2F,40 Mike Mike,1050,9/8/2020
Monsta,20SP40MMA2T,40 Mike Mike,1050,9/14/2020
Monsta,20SPAAAPA2,Pride,1050,3/25/2020
Monsta,20SPAAAPA2F,Pride,1050,3/25/2020
Monsta,20SPBBA2,Bryson Brave,950,1/6/2021
Monsta,20SPBOUA2,Bounty Hunter,950,1/6/2021
Monsta,20SPBSA2,Black Sheep,950,11/27/2019
Monsta,20SPCA2,Cucuy,1050,9/14/2020
Monsta,20SPCA2D,Cucuy,1100,9/14/2020
Monsta,20SPCA2DC,Clack Addict,1100,9/14/2020
Monsta,20SPCA2S,Cucuy,1050,9/14/2020
Monsta,20SPCA2T,Clack Addict,1050,9/14/2020
Monsta,20SPCARBS,Carnage,950,1/6/2021
Monsta,20SPCARH,Carnage,1050,1/6/2021
Monsta,20SPCARS,Carnage,1050,1/6/2021
Monsta,20SPCDSA1,Dead Silence,1000,4/29/2023
Monsta,20SPCDSA2,Dead Silence,950,4/29/2023
Monsta,20SPDBCHA2,DBOC,1000,9/15/2021
Monsta,20SPDBCHBA2,DBOC,1000,9/15/2021
Monsta,20SPDBCSA1,DBOC,1050,9/15/2021
Monsta,20SPDBCTLA2,DBOC,1250,9/15/2021
Monsta,20SPDEPHB,Deplorables,1000,1/6/2021
Monsta,20SPDEPHEL,Deplorables,1000,1/6/2021
Monsta,20SPDSA1S,Dark Side,1050,4/26/2021
Monsta,20SPDSA2F,Dark Side,1050,4/26/2021
Monsta,20SPDSHELA2,Dark Side,1000,4/26/2021
Monsta,20SPDSTA2,Dark Side,1050,4/26/2021
Monsta,20SPEPA2T,El Patron,1050,4/26/2021
Monsta,20SPGN2A12,Get Nutz 2,950,7/15/2020
Monsta,20SPGN2A1S,Get Nutz 2,1050,7/15/2020
Monsta,20SPGN2A2F,Get Nutz 2,1050,7/15/2020
Monsta,20SPGN2A2T,Get Nutz 2,1050,9/14/2020
Monsta,20SPGSBA1Z,Bliss,1050,9/8/2020
Monsta,20SPGSBA2F,Bliss,1050,9/8/2020
Monsta,20SPGSBA2H,Bliss,1000,9/8/2020
Monsta,20SPH24A2B,Hype,1250,9/15/2021
Monsta,20SPH24A2B,Hype Balanced,1050,7/15/2020
Monsta,20SPH26A2,Lazer Hype,1000,7/15/2020
Monsta,20SPHA24,Hype,1050,2/17/2020
Monsta,20SPHBMADF,Mad Hatter,1050,7/15/2020
Monsta,20SPHBMADS,Mad Hatter,1050,11/25/2022
Monsta,20SPHBMADT,Mad Hatter,1050,9/14/2020
Monsta,20SPKA2,Banger,1050,3/25/2020
Monsta,20SPKA2F,Banger,1050,9/8/2020
Monsta,20SPL2A,Legend,1050,9/8/2020
Monsta,20SPNA1S,NAGAAA,1050,3/25/2020
Monsta,20SPNA1Z,NAGAAA,950,3/25/2020
Monsta,20SPNA2,NAGAAA,1050,3/25/2020
Monsta,20SPNA2F,NAGAAA,1050,3/25/2020
Monsta,20SPPA2,Psyborg,1000,9/8/2020
Monsta,20SPSKA2,Karma,1050,11/1/2019
Monsta,20SPSKA2F,Karma,1050,11/1/2019
Monsta,20SPTA2E,Torch Juiced,950,7/15/2020
Monsta,20SPTLA2,Torch Lite,1050,7/15/2020
Monsta,20SPWARA2,Warrior,950,1/6/2021
Monsta,20SPWHA2,Warthog,1050,9/3/2020
Monsta,21SP1DNALA2,21 DNA Legacy,1100,1/28/2022
Monsta,21SP2DNALA2,21 DNA Legacy,950,1/28/2022
Monsta,21SPAPOA1S,Apocapypse,1050,11/5/2021
Monsta,21SPAPOA2T,Apocapypse,1050,11/5/2021
Monsta,21SPAPOABS,Apocapypse,950,11/5/2021
Monsta,21SPBA1,Boogster,1050,7/12/2021
Monsta,21SPBALA2F,Ballistic,1050,9/15/2021
Monsta,21SPBHSA1S,Unleashed,1050,6/10/2021
Monsta,21SPBOMA1,Bombardier,1000,6/10/2021
Monsta,21SPBPTKOA1S,TKO,1050,9/15/2021
Monsta,21SPBPTKOA2BS,TKO,950,9/15/2021
Monsta,21SPBPTKOA2F,TKO,1050,9/15/2021
Monsta,21SPBPTKOA2T,TKO,1050,9/15/2021
Monsta,21SPBSA2B,Black Sheep,950,6/10/2021
Monsta,21SPBSA2EL,Black Sheep,950,6/10/2021
Monsta,21SPBUZA2T,Buzz,1050,9/15/2021
Monsta,21SPCARA1S,Carnage,1050,9/15/2021
Monsta,21-SPCLKBA1S,Clack Addict,1050,4/26/2021
Monsta,21-SPCLKBA2T,Clack Addict,1050,4/26/2021
Monsta,21SPCLKHOA1S,Clack-O-Holic,1050,7/12/2021
Monsta,21SPCLKHOA2T,Clack-O-Holic,1050,7/12/2021
Monsta,21-SPCLKPA1S,Clack Addict,1050,4/26/2021
Monsta,21-SPCLKPA2T,Clack Addict,1050,4/26/2021
Monsta,21SPCLKWA1S,Clack Addict,1050,7/12/2021
Monsta,21SPCLKWA2T,Clack Addict,1050,7/12/2021
Monsta,21-SPCLKYA1S,Clack Addict,1050,4/26/2021
Monsta,21-SPCLKYA2T,Clack Addict,1050,4/26/2021
Monsta,21SPCOMA2T,Comatose,1050,9/15/2021
Monsta,21SPDBOCA1B,DBOC,1000,9/15/2021
Monsta,21SPDBOCA1S,DBOC,1050,9/15/2021
Monsta,21SPDBOCA25,DBOC,1050,9/15/2021
Monsta,21SPDBOCA2BS,DBOC,950,9/15/2021
Monsta,21SPDBOCA2F,DBOC,1050,9/15/2021
Monsta,24SPCAA2T,24 Clack Addict,1050,6/24/2024
Monsta,21SPDESA1Z,21 Dead Silence,950,6/24/2024
Monsta,21SPDESA2BS,22 Dead Silence,1000,6/24/2024
Monsta,21SPDTFA1S,DTF,1050,11/5/2021
Monsta,21SPDTFA2T,DTF,1050,11/5/2021
Monsta,21SPFA2,Fallout,1050,9/15/2021
Monsta,21SPFALA2,Fallout Maroon,1050,9/15/2021
Monsta,21SPFEARA1S,Fearless,1050,7/12/2021
Monsta,21SPFEARA2T,Fearless,1050,7/12/2021
Monsta,21SPFMA2,Flip Money,950,9/15/2021
Monsta,21SPGOCA2,21 Game Only G.O.,950,11/5/2021
Monsta,21SPGSSSAAA1A,Grunt Style,1050,1/6/2021
Monsta,21SPGSTJAAA2A,Grunt Style,1050,1/6/2021
Monsta,21SPH26A2T,21 National Champs,1050,10/6/2022
Monsta,21SPHBBANOA2F,Banger Noir,1050,6/10/2021
Monsta,21SPHBBANOA2T,Banger Noir,1050,6/10/2021
Monsta,21SPHBUSA2F,Banger USA,1050,11/5/2021
Monsta,21SPHBUSA2T,Banger USA,1050,11/5/2021
Monsta,21SPINFA2BS,Infrared,950,9/15/2021
Monsta,21SPINSA2BS,Insidious,950,4/26/2021
Monsta,21SPINSA2T,Insidious,1050,4/26/2021
Monsta,21SPKTSA1S,Kiss the Sky,1050,6/10/2021
Monsta,21SPKTSA2BS,Kiss the Sky,950,6/10/2021
Monsta,21SPKTSA2F,Kiss the Sky,1050,6/10/2021
Monsta,21SPKTSA2T,Kiss the Sky,1050,6/10/2021
Monsta,21SPL2A,Legend,1050,9/15/2021
Monsta,21SPLAFA1S,La Familia,1050,9/15/2021
Monsta,21SPLAFA2BS,La Familia,950,9/15/2021
Monsta,21SPLAFA2F,La Familia,1050,9/15/2021
Monsta,21SPLAFA2T,La Familia,1050,9/15/2021
Monsta,21SPMA1,Molon Labe,1100,6/10/2021
Monsta,21SPMELA2BS,Mellifluous,950,4/26/2021
Monsta,21SPMHA1S,Most Hated,1050,11/5/2021
Monsta,21SPMHA2T,Most Hated,1050,11/5/2021
Monsta,21SPOMNA1B,Ominous,1000,11/5/2021
Monsta,21SPOMNA1S,Ominous,1050,11/5/2021
Monsta,21SPOMNA2BS,Ominous,950,4/26/2021
Monsta,21SPOMNA2F,Ominous,1050,11/5/2021
Monsta,21SPOMNA2T,Ominous,1050,11/5/2021
Monsta,21SPPREDA2T,Predator,1050,6/10/2021
Monsta,21SPPRIA1S,21 Pride,1050,1/28/2022
Monsta,21SPPRIA2BS,21 Pride,950,1/28/2022
Monsta,21SPPRIA2T,21 Pride,1050,1/28/2022
Monsta,21SPRAA1S,Allegiance,1050,9/15/2021
Monsta,21SPRAA2T,Allegiance,1050,9/15/2021
Monsta,21SPROTKA1S,Return of the King,1050,4/26/2021
Monsta,21SPROTKA2BS,Return of the King,950,4/26/2021
Monsta,21SPROTKA2F,Return of the King,1050,4/26/2021
Monsta,21SPROTKA2T,Return of the King,1050,4/26/2021
Monsta,21SPSCRA1S,Scream,1050,11/5/2021
Monsta,21SPSCRA2BS,Scream,950,11/5/2021
Monsta,21SPSCRA2T,Scream,1050,11/5/2021
Monsta,21SPSETORA2,Torch,1050,7/12/2021
Monsta,21SPSHUGA2BS,Splatter,950,4/26/2021
Monsta,21SPSKDA2T,Skud,1300,9/15/2021
Monsta,21SPSWA2D,Splittin Wigs,1100,11/5/2021
Monsta,21SPTA2,Torch,1050,7/12/2021
Monsta,21SPTEMPA1S,Temptress,1050,6/10/2021
Monsta,21SPTEMPA2BS,Temptress,950,6/10/2021
Monsta,21SPTEMPA2T,Temptress,1050,6/10/2021
Monsta,21SPTIOA1S,Tiyospaye,1050,9/15/2021
Monsta,21SPTIOA2BS,Tiyospaye,950,9/15/2021
Monsta,21SPTIOA2T,Tiyospaye,1050,9/15/2021
Monsta,21SPTOMA1S,Tomahawk,1050,11/5/2021
Monsta,21SPTOMA2BS,Tomahawk,950,11/5/2021
Monsta,21SPTOMA2T,Tomahawk,1050,11/5/2021
Monsta,21SPUNIMSA2T,Magic Stick,1050,9/15/2021
Monsta,21SPVALRA2BS,Valhalla,950,4/26/2021
Monsta,21SPVALTA2F,Valhalla,1050,4/26/2021
Monsta,21SPVALTA2T,Valhalla,1050,4/26/2021
Monsta,21SPWAYA1S,Waymaker,1050,4/26/2021
Monsta,21SPWAYA2T,Waymaker,1050,4/26/2021
Monsta,22FPH24A2,22 Fast Pitch Hype,1350,1/28/2022
Monsta,22SP888A1S,22 888,1050,7/1/2022
Monsta,22SP888A2BS,22 888,950,7/1/2022
Monsta,22SP888A2F,22 888,1050,7/1/2022
Monsta,22SP888A2T,22 888,1050,7/1/2022
Monsta,22SPACA1S,22 Agent of Chaos,1050,4/15/2022
Monsta,22SPACA2BS,22 Agent of Chaos,950,4/15/2022
Monsta,22SPACA2F,22 Agent of Chaos,1050,4/15/2022
Monsta,22SPACA2T,22 Agent of Chaos,1050,4/15/2022
Monsta,22SPALA2BS,22 Alpha,950,4/15/2022
Monsta,22SPALA2F,22 Alpha,1050,4/15/2022
Monsta,22SPALA2T,22 Alpha,1050,4/15/2022
Monsta,22SPATRA2T,22 All the rage,1050,11/25/2022
Monsta,22SPATRA2BS,23 All the rage,950,11/25/2022
Monsta,22SPAUA1S,22 Spectrum,1050,4/15/2022
Monsta,22SPAUA2BS,22 Spectrum,950,4/15/2022
Monsta,22SPAUA2F,22 Spectrum,1050,4/15/2022
Monsta,22SPAUA2T,22 Spectrum,1050,4/15/2022
Monsta,22SPBMA1,22 Gold Boogeyman,1050,3/4/2022
Monsta,22SPBROA2BS,Brotherhood,950,9/15/2021
Monsta,22SPBSA2,22 Black Sheep,950,1/28/2022
Monsta,22SPBUA2T,22 Butta,1050,1/28/2022
Monsta,22SPBWA2T,22 BLACK WIDOW,1050,11/7/2022
Monsta,22SPCARA1B,22 Carnage,1000,4/15/2022
Monsta,22SPCARA1S,22 Carnage,1050,4/15/2022
Monsta,22SPDBA2BS,22 DB44,950,4/15/2022
Monsta,22SPDBA2DC,22 DB44,1100,7/1/2022
Monsta,22SPDBA2F,22 DB44,1050,7/1/2022
Monsta,22SPDBA2T,22 DB44,1050,7/1/2022
Monsta,22SPDELA2T,22 Deliverance,1050,4/15/2022
Monsta,22SPFNDA1,22 Fiend,1050,7/1/2022
Monsta,22SPFNDA1S,22 Fiend,1050,7/29/2022
Monsta,22SPFNDA1Z,22 Fiend,1000,7/29/2022
Monsta,22SPFUA2T,22 Fuel,950,8/9/2022
Monsta,22SPGAMA2BS,22 Gambler,950,1/28/2022
Monsta,22SPGN2A2BS,22 Get Nutz 3,950,7/1/2022
Monsta,22SPGN2A2DC,22 Get Nutz 3,1100,7/1/2022
Monsta,22SPGN2A2F,22 Get Nutz 3,1050,7/1/2022
Monsta,22SPGN2A2T,22 Get Nutz 3,1050,7/1/2022
Monsta,22SPGNGA2,22 Gangreen,1050,7/1/2022
Monsta,22SPGNGA2F,22 Gangreen,1050,7/29/2022
Monsta,22SPGNGA2T,22 Gangreen,1050,7/29/2022
Monsta,22SPGTA2BS,22 Goosetown,950,7/1/2022
Monsta,22SPGTA2DC,22 Goosetown,1100,7/1/2022
Monsta,22SPGTA2F,22 Goosetown,1050,7/1/2022
Monsta,22SPGTA2T,22 Goosetown,1050,7/1/2022
Monsta,22SPHLA2,22 HIERARCHY,1100,6/24/2025
Monsta,22SPIGNA2BS,22 Ignite,950,8/18/2022
Monsta,22SPINFA2TM,Infrared,1300,4/15/2022
Monsta,22SPJOLA2BS,22 Jolly 88,950,1/28/2022
Monsta,22SPLMA2BS,22 Los Muertos,950,8/18/2022
Monsta,22SPLZRA2F,LAZER,1050,2/15/2023
Monsta,22SPMS1A2TM,Magic Stick,1300,4/15/2022
Monsta,22SPMS2A2TM,Magic Stick,1300,4/15/2022
Monsta,22SPNAWSA2BS,22 Chief,950,8/9/2022
Monsta,22SPNAWSA2F,22 Chief,1050,8/9/2022
Monsta,22SPNAWSA2T,22 Chief,1050,8/9/2022
Monsta,22SPSA1,22 Sinister,1050,1/28/2022
Monsta,22SPSALA1S,22 Salty,1050,1/28/2022
Monsta,22SPSFA2T,22 Supafly,1050,4/15/2022
Monsta,22SPTA2,22 Torch,1050,3/4/2022
Monsta,22SPTMA2,Torch Mutated,1300,7/12/2021
Monsta,22SPUDGA2T,22 Underdog,1050,4/15/2022
Monsta,22SPWARA2BS,22 Warrior,950,4/15/2022
Monsta,22SPWBA2BS,22 White Buffalo,950,10/6/2022
Monsta,22SPWBA2F,22 White Buffalo,1050,10/6/2022
Monsta,22SPWBA2T,22 White Buffalo,1050,10/6/2022
Monsta,22SPWMDA2T,22 W.M.D.,1050,7/1/2022
Monsta,22SPWTA2,22 Wood Grain Torch,1050,7/1/2022
Monsta,22SPXPA2BS,22 Xperience,950,1/28/2022
Monsta,22SPXPA2F,22 Xperience,1050,1/28/2022
Monsta,22SPXPA2T,22 Xperience,1050,1/28/2022
Monsta,22SPZA2T,22 ZOMBIE,1050,11/7/2022
Monsta,23FPFUL-20,Fulcrum FP,1000,5/13/2023
Monsta,23FPTA22,Torch,1050,7/21/2022
Monsta,23SPAAA2T,Torch,1050,5/23/2023
Monsta,23SPBHA1S,23 Be Happy,1050,10/22/2023
Monsta,23SPBHA2T,24 Be Happy,1050,10/22/2023
Monsta,23SPBIA2T,Independence,1050,5/23/2023
Monsta,23SPBIA2F,Independence,1050,5/23/2023
Monsta,23SPBKA2T,23 Big Kahuna Torch,1050,10/9/2023
Monsta,23SPBLA2BS,Blacklist,950,2/6/2023
Monsta,23SPBLA2F,Blacklist,1050,2/6/2023
Monsta,23SPBLA2T,Blacklist,1050,2/6/2023
Monsta,23SPBSA2,Black Sheep,950,7/12/2023
Monsta,23SPBYA2T,By You,1050,5/23/2023
Monsta,23SPBYA1S,By You,1050,5/23/2023
Monsta,23SPCBA2T,23 Cheddar Bomb,1050,10/22/2023
Monsta,23SPCBKA1S,The Comeback,1050,5/27/2023
Monsta,23SPCBKA1Z,The Comeback,1050,5/27/2023
Monsta,23SPCBKA2BS,The Comeback,1050,5/27/2023
Monsta,23SPDBA2BS,23 DB44,950,10/9/2023
Monsta,23SPDBA2T,24 DB44,1050,10/9/2023
Monsta,23SPDHA2BS,Dark Horse,950,7/12/2023
Monsta,23SPDHA2T,Dark Horse,1050,7/12/2023
Monsta,23SPDM8A2T,23 Domin8,1050,1/20/2024
Monsta,23SPDTFA1S,DTF,1050,2/15/2023
Monsta,23SPDTFA2T,DTF,1050,2/15/2023
Monsta,23SPFULA2F,23 Fulcrum,1050,1/20/2024
Monsta,23SPFULA2T,Fulcrum,1100,7/9/2023
Monsta,23SPKODA1S,23 King Of Diamonds,950,8/18/2023
Monsta,23SPKODA2T,23 King Of Diamonds,1000,8/18/2023
Monsta,23SPBMA2BS,23 Bamma,950,10/22/2023
Monsta,23SPBMA2T,23 Bamma,1050,10/22/2023
Monsta,23SPMMIW2TRA,23 MMIW,1050,10/22/2023
Monsta,23SPMMIW2TRB,23 MMIW,950,10/22/2023
Monsta,23SPMVA1S,23Monstas and Villians,1050,10/22/2023
Monsta,23SPMVA2T,23Monstas and Villians,1050,10/22/2023
Monsta,23SPNWA2BS,23 No Wrappers,950,4/29/2024
Monsta,23SPNWA2DC,24 No Wrappers,1100,4/29/2024
Monsta,23SPPAA2F,23 Pride,1050,1/20/2024
Monsta,23SPPAA2T,24 Pride,1050,1/20/2024
Monsta,23SPPERA2T,Perserverance,1050,7/12/2023
Monsta,23SPOMNA2BS,23 Ominous,950,1/20/2024
Monsta,23SPOMNA2T,24 Ominous,1050,1/20/2024
Monsta,23SPRH2T,23 Rhino RKC,1050,10/22/2023
Monsta,23SPSPDUA2T,SpiderZ AC,1050,6/1/2023
Monsta,23SPSPDUA2F,SpiderZ AC,1050,6/1/2023
Monsta,23SPSKA2F,Karma,1050,12/23/2022
Monsta,23SPSKA2T,Karma,1050,12/23/2022
Monsta,23SPT4HA1S,23 The Four Horsemen,1050,10/22/2023
Monsta,23SPT4HA2BS,24 The Four Horsemen,950,10/22/2023
Monsta,23SPTMLA2BS,23 Team Laden,950,8/18/2022
Monsta,23SPTMLA2T,23 Team Laden,1050,8/18/2022
Monsta,23SPTOMA2BS,Tomahawk,950,7/31/2023
Monsta,23SPTOMA2TR,Tomahawk,1050,7/31/2023
Monsta,23SPUSA1KOD,23 Uncle Slam,1000,8/18/2023
Monsta,23SPUSA1S,23 Uncle Slam,1050,8/18/2023
Monsta,23SPUSA2BS,23 Uncle Slam,950,8/18/2023
Monsta,23SPUSA2F,23 Uncle Slam,1050,8/18/2023
Monsta,23SPUSA2KOD,23 Uncle Slam,950,8/18/2023
Monsta,23SPUSA2T,23 Uncle Slam,1050,8/18/2023
Monsta,23SPWARA2T,23 War Ready,1050,6/24/2024
Monsta,23SP4TFA2BS,4 THE FALLEN,1050,2/15/2023
Monsta,23SP4TFA2F,4 THE FALLEN,1050,2/15/2023
Monsta,23SP4TFA2T,4 THE FALLEN,1050,2/15/2023
Monsta,24FPFUL,24 FP Fulcrum,1350,11/21/2023
Monsta,24FPTOR,24 FP TORCH,1050,4/16/2025
Monsta,24SP4TFA2BS,24 4 THE FALLEN,950,10/2/2024
Monsta,24SP4TFA1S,24 4 THE FALLEN,1050,11/11/2024
Monsta,24SP4TFA2T,24 4 THE FALLEN,1050,10/2/2024
Monsta,24SPAT2,24 Torch,950,6/20/2024
Monsta,24SPASA2F,24 ASANA,1050,8/21/2024
Monsta,24SPASA2T,25 ASANA,1050,8/21/2024
Monsta,24SPBAPA2BS,24 OATH,950,10/2/2024
Monsta,24SPBAPA2T,24 OATH,1050,10/2/2024
Monsta,24SPBSA2,24 Black Sheep,950,9/6/2024
Monsta,24SPCA2T,24 SURRENDER,1050,11/11/2024
Monsta,24SPFTA2,24 Fathlete,1100,1/30/2025
Monsta,24SPFTA2F,24 FIRE TORCH,1050,10/14/2024
Monsta,24SPFTA2T,24 FIRE TORCH,1050,10/14/2024
Monsta,24SPFAT2,24 Fathlete,950,1/30/2025
Monsta,24SPGTA2F,24 Goosetwon,1050,8/14/2024
Monsta,24SPGTA2T,25 Goosetwon,1050,8/14/2024
Monsta,24SPITA2F,24 ICE TORCH,1050,10/14/2024
Monsta,24SPITA2T,24 ICE TORCH,1050,10/14/2024
Monsta,24SPKODA2,2024 King of Diamonds,950,3/19/2024
Monsta,24SPKOD2A2,2024 King of Diamonds,1050,12/22/2023
Monsta,24SPLEBA2T,24 Let'er Buck,1050,4/8/2024
Monsta,24SPLPA2T,24LP53,1100,8/14/2024
Monsta,24SPLPAT2,24LP53,950,8/14/2024
Monsta,24SPMSA2T,24 Moon Shot,1050,8/14/2024
Monsta,24SPOYA2F,24 OYATE,1050,8/21/2024
Monsta,24SPOYA2T,25 OYATE,1050,8/21/2024
Monsta,24SPPA2T,24 Prestige,1100,1/31/2025
Monsta,24SPPPA2BS,24Premier Punch,950,9/6/2024
Monsta,24SPPPA2T,24Premier Punch,950,9/6/2024
Monsta,24SPSASA2T,24 Sasto,1050,4/8/2024
Monsta,24SPSBA1,SB-1,950,12/22/2023
Monsta,24SPSBA2,SB-2,1100,1/20/2024
Monsta,24SPTA2,24 Torch,1100,7/22/2024
Monsta,24SPWDA2F,24 4TF WOODY,1050,10/2/2024
Monsta,24SPWDA2T,24 4TF WOODY,1050,10/2/2024
Monsta,24SPWTPA2T,24 We the People,1050,8/14/2024
Monsta,25FPFL2,FAST PITCH FULCRUM,1350,2/25/2025
Monsta,25FPRMB2,25 ROW MY BOAT,1050,1/27/2026
Monsta,25FPTC2,25 FP TORCH,1050,4/16/2025
Monsta,25SPADCA1,1PC DISCOMBOBULATED,1000,2/25/2025
Monsta,25SPADCA2,2PC DISCOMBOBULATED,950,2/25/2025
Monsta,25SPBPA2K,25 BLUEPRINT,1050,1/27/2026
Monsta,25SPBPA2T,25 BLUEPRINT,1100,1/27/2026
Monsta,25SPBSA2,EHP BLACK SHEEP,950,2/25/2025
Monsta,25SPCLKA1S,EHP CLACK ADDICT 1 PC,1050,3/3/2025
Monsta,25SPCLKA2T,EHP CLACK ADDICT 2 PC,1100,3/3/2025
Monsta,25SPDB44A1T,DB44 1PC MX,1000,2/25/2025
Monsta,25SPDB44A2T,DB44 2PC MX,1100,3/3/2025
Monsta,25SPEHPA2T,EHP TORCH,1100,3/3/2025
Monsta,25SPGNA1,GET NUTZ 1 PC MX,1000,2/25/2025
Monsta,25SPGNA2,GET NUTZ 2 PC MX,1100,3/3/2025
Monsta,25SPGNA2BS,GET NUTZ 2,950,2/25/2025
Monsta,25SPHSA2,HELLSPAWN,950,2/25/2025
Monsta,25SPINFA2K,25 INFRARED,1050,1/27/2026
Monsta,25SPKODA2,GOLD KOD,1050,3/3/2025
Monsta,25SPLAZA1,LAZER 1PC MX,1000,2/25/2025
Monsta,25SPLCLKA2T,EHP LADY CLACK,1100,3/3/2025
Monsta,25SPMQA2F,25 McQUADES,1100,2/19/2026
Monsta,25SPMQA2K,25 McQUADES,1050,2/19/2026
Monsta,25SPMQA2T,25 McQUADES,1100,2/19/2026
Monsta,25SPRAAA1,1 PC ALLEGIANCE,1000,2/25/2025
Monsta,25SPRAAA2,2 PC ALLEGIANCE,1100,3/3/2025
Monsta,25SPRAFA1,1 PC FUEL,1000,2/25/2025
Monsta,25SPRAFA2,2 PC FUEL,950,3/3/2025
Monsta,25SPSBA1,25 SB-1,950,2/19/2026
Monsta,25SPSBA2,25 SB-2,1100,2/19/2026
Monsta,25SPTA1,1 PC MX TORCH,1000,2/25/2025
Monsta,25SPTA2,25 Torch,1000,6/20/2024
Monsta,25SPTBA2T,EHP THE BAT,1100,3/3/2025
Monsta,25SPTKOA2T,25 TKO TORCH,1100,6/24/2025
Monsta,25SPUSA1T,USA 1 PC TORCH,1000,2/25/2025
Monsta,25SPUSATA2,USA 2 PC TORCH,1100,6/4/2025
Monsta,25SPWTPA1T,WTP 1PC TORCH,1000,2/25/2025
Monsta,25SPWTPA2T,WTP 2PC TORCH,1100,3/3/2025
Monsta,26SPNEA2KOD,26 NO EVIL,1050,2/19/2026
Monsta,SP15DNALCA2,DNA,1100,7/31/2014
Monsta,SP15DNALCA2,DNA,1100,7/31/2014
Monsta,SP18BA1,Bombardier,1100,12/13/2017
Monsta,SP21HYPEA2,2021 Hype,1000,6/22/2021
Monsta,NEON1,Proton Series 2,1050,7/9/2023
Monsta,NEON2,Proton Series 2,1050,7/9/2023
Monsta,NEON2A,Proton Series 2,1050,7/9/2023
Monsta,NEON2B,Proton Series 2,1050,7/9/2023
Pure,MA6C-5153,Haloween Skybolt,1150,6/2/2024
Pure,MA6C-5193,2024 Skybolt Stock,1150,5/20/2024
Pure,MA6C-5347,2024 Skybolt Stock Version 1,1150,5/20/2024
Pure,MA66-5089,Blue Pearl - Limited Edition Skybolt,1150,6/2/2024
Pure,MA66-5129,Purple Pearl - Limited Edition Skybolt,1150,6/2/2024
Pure,MA66-5161,Haloween Skybolt,1150,6/2/2024
Pure,MB69-5575,Stock Ervine USA Bat,1250,8/29/2050
Pure,MB69-6097,"USA Ervine 12""SP",1250,8/29/2050
Pure,MB69-6117,Custom Ervine,1250,8/29/2050
Pure,ME83-5135,2024 Hellfire-Stock,1150,5/20/2024
Pure,ME83-5275,Kraken Hellfire,1150,5/20/2024
Pure,ME83-5309,Sugar Skull Hellfire,1150,5/20/2024
Pure,ME83-5353,Custom MS Hellfire,1150,5/20/2024
Pure,ME83-5409,KW Blue Hellfire,1150,7/18/2024
Pure,ME83-5411,Lighting Effect Custom Hellfire,1150,7/18/2024
Pure,ME83-5415,TT Hellfire,1150,7/18/2024
Pure,ME83-5421,Custom Weekend Warrior Hellfire,1150,7/18/2024
Pure,ME83-5423,Custom KW Blue Hellfire,1150,7/18/2024
Pure,ME83-5431,Paul Laney Tournament Rise Up,1150,5/20/2024
Pure,MFE6-5089,Blue Pearl - Limited Edition Skybolt,1150,5/20/2024
Pure,MFE6-5129,Purple Pearl - Limited Edition Skybolt,1150,5/20/2024
Pure,MFE6-5153,Halloween Friday 13th - Skybolt,1150,5/20/2024
Pure,MFE6-5161,Halloween Elm Skybolt,1150,5/20/2024
Pure,MZX7,EVIL,1150,4/22/2023
Pure,MZX8-4907,4907 Evil Sport - Balance Rise up,1250,6/2/2024
Pure,MZX8-4908,4909 Evil Sport - Load Rise up,1250,6/2/2024
Pure,MZX8-6106,SIDEWINDER White Evil Cartoon Diablo,1250,8/28/2025
Pure,M1A4-5533,Stock Lambright USA,1250,8/28/2025
Pure,M1A4-6108,Custom Lambright,1250,8/28/2025
Pure,M-3C7,Pure Siteman Pinkout ASA,1150,6/2/2024
Pure,M4E9,Ripp3r,1150,4/22/2023
Pure,M4E9-4939,LP Ripper ASA-Green/Yellow Flames,1150,5/20/2024
Pure,M4E9-5007,LP Joker Ripper,1150,5/20/2024
Pure,M307-4907,4907 Evil Sport-Cartoon Devil-Balanced,1250,5/20/2024
Pure,M307-4909,4909 Evil Sports Cartoon Devil Evil Load,1250,5/20/2024
Pure,M307-5679,Black Autism Custom Sidewinder,1250,8/29/2025
Pure,M307-6032,GS Sports USA - Mystic Custom Sidewinder,1250,8/29/2025
Pure,M307-6049,Sidewinder Custom,1250,8/29/2025
Pure,M307-6050,5,1250,8/29/2025
Pure,M307-6053,Custom Sidewinder - Revolution,1250,8/29/2025
Pure,M307-6064,Custom Sidewinder - Revolution,1250,8/29/2025
Pure,M307-6075,Custom Sidewinder,1250,8/29/2025
Pure,M307-6076,"Sidewinder Bombing 12""",1250,8/29/2025
Pure,M307-6084,25,1250,8/29/2025
Pure,M307-6086,"Arlis Miller Signature 12"" RoofX",1250,8/29/2025
Pure,M307-6087,"Kyle Miller Signature 12"" RoofX",1250,8/29/2025
Pure,M307-6088,"Joey Miller Signature 12"" RoofX",1250,8/29/2025
Pure,M307-6089,"JoJo Bennett Signature 12"" RoofX",1250,8/29/2025
Pure,M307-6100,Sidewinder Custom Border Battle Bats,1250,8/29/2025
Pure,M307-6110,Custom Sidewinder,1250,8/29/2025
Pure,M307-6111,Sidewinder Northrup Grumman,1250,8/29/2025
Pure,M369-5055,Pure Siteman Pinkout ASA,1150,5/20/2024
Pure,M565,Hell Fire,1150,10/6/2022
Pure,M565-1,JERICHO,1150,4/22/2023
Pure,M565-3503,Hellfire - Stock,1150,5/20/2024
Pure,M565-4521,NAGAAA New Orleans ASA,1150,5/20/2024
Pure,M565-4793,Revolution Athletics Hellfire,1150,5/20/2024
Pure,M565-4999,LP USA Themed Ripper,1150,5/20/2024
Pure,M565-5087,Blue Pearl - Limited Eddition Skybolt,1150,5/20/2024
Pure,M565-5131,Blue Pearl - Limited Eddition Hellfire,1150,5/20/2024
Pure,M565-5151,Halloween Friday 13th - Hellfire,1150,5/20/2024
Pure,M565-5167,Order 34082-Custom Hellfire,1150,5/20/2024
Pure,M565-5197,Fathlete Hellfire,1150,5/20/2024
Pure,M565-5203,S43637 - Custom Hellfire,1150,8/28/2025
Pure,M565-5209,Order 34082-Custom Hellfire,1150,5/20/2024
Pure,M565-5223,Sand Manatee Hellfire,1150,5/20/2024
Pure,M565-5225,Special Flake Color,1150,5/20/2024
Pure,M565-5273,Order 35585 Custom Hellfire Blue Ballers,1150,5/20/2024
Pure,M565-5275,Kraken Hellfire,1150,6/2/2024
Pure,M565-5293,Toner Hellfire Custom w/#2,1150,5/20/2024
Pure,M565-5295,Toner Hellfire Custom w/#24,1150,5/20/2024
Pure,M565-5297,Toner Hellfire Custom w/#19,1150,5/21/2024
Pure,M565-5341,Sugar Skull Hellfire,1150,6/2/2024
Pure,M565-5353,Order 36792 - Custom MS Hellfire,1150,6/2/2024
Pure,M565-4521,NAGAAA New Orleans,1150,5/20/2024
Pure,M565-5421,37073 - Custom Hellfire,1150,6/2/2024
Pure,M565-5423,37074 - Custom Hellfire,1150,6/2/2024
Pure,M565-6010,S43399 - Custom Hellfire,1150,8/28/2025
Pure,M565-6016,S43399 - Custom Hellfire,1150,8/28/2025
Pure,M565-6038,S43653 - Custom Hellfire,1150,8/28/2025
Pure,M565-6052,Custom Hellfire,1150,8/28/2025
Pure,M565-6059,S43775 - Hellfire Custom,1150,8/28/2025
Pure,M565-6077,"Kylee Studioso - Revival 13""",1150,8/28/2025
Pure,M565-6090,Hellfire,1150,8/28/2025
Pure,M565-6101,Hellfire Custom Border Battle Bat for PKC,1150,8/28/2025
Pure,M565-6116,Orange/Pink Hellfire,1150,8/28/2025
Pure,M784,Sidewinder,1350,11/25/2022
Pure,M91B-5147,2024 Storm Shadow ASA Stock Bat,1150,5/20/2024
Pure,M91B-6070,024 Storm Shadow USA NL Stock 13in - USDM,1150,8/28/2025
Rawlings,FP1M10,Mantra -10,1100,2/17/2020
Rawlings,FP1M9,Mantra -9,1100,2/17/2020
Rawlings,FP4P10,Proto Composite Tech,1200,10/22/2023
Rawlings,RFP3M10,Mantra 2.0 (-10),1100,7/1/2022
Rawlings,RFP3M9,Mantra 2.0 (-9),1100,7/1/2022
Rawlings,RFP3MP9,Mantra Plus -9,1000,10/12/2022
Rawlings,RFP3MP10,Mantra Plus -10,1000,10/12/2022
Rawlings,RFP3MP11,MANTRA Plus-11,1000,10/12/2022
Rawlings,RFP4AM9,Mantra+ Jocylen Alo,1000,11/25/2022
Rawlings,RFP4AM10,Mantra+ Jocylen Alo,1000,11/25/2022
Rawlings,RFP4M9,Mantra 3.0 (-9),1200,11/21/2022
Rawlings,RFP4M10,Mantra 3.0 (-10),1200,11/18/2023
Rawlings,RFP5MR9,Mantra Reverse (-9),1000,7/18/2024
Rawlings,RFP5MR10,Mantra Reverse (-10),1000,7/18/2024
Rawlings,RFP5MR11,Mantra Reverse (-11),1000,8/20/2204
Rawlings,RFP5MRA9,Mantra Reverse ALO (-9),1000,3/6/2025
Rawlings,RFP5MRA10,Mantra Reverse AOL (-10),1000,7/18/2024
Rawlings,RFP6M9,Mantra (-9),1200,3/20/2025
Rawlings,RFP6M10,Mantra (-10),1200,3/20/2025
Rawlings,RFP6M11,Mantra (-11),1200,7/10/2025
Soldier,Sports,S-34-24-26-2 TANK,1100,5/4/2025
Soldier,Sports,S-34-25-26-2 TANK,1100,5/4/2025
Soldier,Sports,S-33-22-26-2 TANK,1100,5/4/2025
Victus,VSPVA2BA-25,Vandalized Purple,850,8/19/2025
Victus,VSPVA2BA-26,Vandalized Purple,850,8/19/2025
Victus,VSPVA2BA-27,Vandalized Purple,850,8/19/2025
Victus,VSPV2YA-25.5,Vibe USA Patriots,850,8/19/2025
Victus,VSPV2YA-26.5,Vibe USA Patriots,850,8/19/2025
Victus,VSPV2YA-27.5,Vibe USA Patriots,850,8/19/2025
Victus,VSPNP2BA-25,Victus Noen Pencil Pink,850,8/12/2025
Victus,VSPNP2BA-26,Victus Noen Pencil Pink,850,8/12/2025
Victus,VSPNP2BA-27,Victus Noen Pencil Pink,850,8/12/2025
Victus,VSPNP2BA-27.5,Victus Noen Pencil Pink,850,8/12/2025
Worth,125W3A,Launch Shorty,1300,8/2/2017
Worth,135W3A,Launch XL,1050,5/11/2017
Worth,SBLIBA,Liberty,1300,10/31/2016
Worth,W12XLA,EST XL,1050,1/21/2019
Worth,WBBL4A,Legit USA,1050,5/22/2018
Worth,WBBLGA,Legit Border Battle,1300,5/24/2017
Worth,WCC22A,The Grand XXL Cole Campbell,1050,4/15/2022
Worth,WCE12A,"EST COMP Balanced 12.5""",1050,12/13/2017
Worth,WCESBA,"EST COMP Balanced 13.5""",1300,12/13/2017
Worth,WCESMA,EST COMP XL,1300,12/13/2017
Worth,WE19BA,EST COMP,1300,1/21/2019
Worth,WE19MA,EST COMP XL,1300,1/21/2019
Worth,WESTBA,EST COMP,1300,11/23/2016
Worth,WESTRA,EST COMP,1300,11/23/2016
Worth,WESTZA,EST COMP,1300,11/23/2016
Worth,WFR22A,Freedom,1300,7/1/2022
Worth,WHARVA,Legit XL Ryan Harvey,1300,9/22/2017
Worth,WKR22A,KRECHER XL,1300,1/28/2022
Worth,WKRHMA,Wicked,1300,10/24/2018
Worth,WM20BA,Mach 1 Boss 302,1300,11/1/2019
Worth,WM20MA,Mach 1 Cobra Jet 428,1300,11/1/2019
Worth,WM21BA,Mach 1,1300,4/26/2021
Worth,WM21MA,Mach 1,1300,4/26/2021
Worth,WM22MA,MACH 1 428 Cobra Jet,1300,1/28/2022
Worth,WML21A,Melon,1050,4/26/2021
Worth,WRH20A,KRECHER - Ryan Harvey,1300,9/5/2019
Worth,WRH21A,KRECHER XL,1300,1/6/2021
Worth,WRH22A,KRECHER Ryan Harvey XL,1300,1/28/2022
Worth,WRH22A-01,KRECHER Ryan Harvey XL,1050,2/27/2023
Worth,WRHSAB,KRECHER Ryan Harvey XL,1300,4/15/2022
Worth,WSA3FRB,Freedom,1300,6/24/2023
Worth,WSA3KRL,Krecher,1300,2/6/2023
Worth,WSA3WML,Watermelon,1300,2/6/2023
Worth,WSA4PMBL-25,Bedlam,1050,2/4/2024
Worth,WSA4PMBL-26,Bedlam,1050,2/6/2024
Worth,WSA4PMBL-27,Bedlam,1050,2/6/2024
Worth,WSA52LB-26,2 LEGIT,1050,3/4/2025
Worth,WSA52LB-27,3 LEGIT,1050,3/4/2025
Worth,WSA5PMBL-25,Bedlam,1050,2/3/2025
Worth,WSA5PMBL-26,Bedlam,1050,2/3/2025
Worth,WSA5PMBL-27,Bedlam,1050,2/3/2025
Worth,WSA6JRBEDL-25,BEDLAM - Josh Riley,1100,11/14/2025
Worth,WSA6JRBEDL-26,BEDLAM - Josh Riley,1100,11/14/2025
Worth,WSA6JRBEDL-27,BEDLAM - Josh Riley,1100,11/14/2025
Worth,WSG22A,Supercell Gold,1300,1/28/2022
Worth,WSISMT,Mutation SIS,1300,3/21/2018
